audio_path,file_name,file_stem,extension,speaker,condition,gender,session,valid_audio,audio_error,sample_rate,channels,frames,duration,silent_audio,too_short_or_long,clipping_ratio,audio_hash,transcript_path,has_transcript,transcript,transcript_length,word_count,duplicate_audio,usable
E:\AI_Project\TORGO_DATASET\F\F01\Session1\wav_arrayMic\0055.wav,0055.wav,0055,.wav,F01,dysarthric,female,Session1,True,,16000.0,1.0,88800.0,5.55,False,False,0.0,281bbcbcdf6fea00579553a9e01a0b26839a3f8715288c498809611d9221c8b7,,False,,0,0,False,False
E:\AI_Project\TORGO_DATASET\F\F01\Session1\wav_arrayMic\0056.wav,0056.wav,0056,.wav,F01,dysarthric,female,Session1,True,,16000.0,1.0,69600.0,4.35,False,False,0.0,fb4885ce66fa280e7a9bf205bc4a7ede79439cbc4575bd76f0094471eaaea27c,,False,,0,0,False,False
E:\AI_Project\TORGO_DATASET\F\F01\Session1\wav_headMic\0055.wav,0055.wav,0055,.wav,F01,dysarthric,female,Session1,True,,16000.0,1.0,85384.0,5.3365,False,False,0.0,b742805c00e5ed66578b4288901638d026f5bea6666f1a51bee2626bad6106a8,,False,,0,0,False,False
E:\AI_Project\TORGO_DATASET\F\F01\Session1\wav_headMic\0056.wav,0056.wav,0056,.wav,F01,dysarthric,female,Session1,True,,16000.0,1.0,71242.0,4.452625,False,False,0.0,70ba7c7d64e2c89be2ad1be2d9d48b863e514ae445dbd712e3653dc8fad3a7c5,,False,,0,0,False,False
E:\AI_Project\TORGO_DATASET\F\F01\Session1\wav_headMic\0067.wav,0067.wav,0067,.wav,F01,dysarthric,female,Session1,False,Error opening 'E:\\AI_Project\\TORGO_DATASET\\F\\F01\\Session1\\wav_headMic\\0067.wav': Format not recognised.,,,,,False,False,,,E:\AI_Project\TORGO_DATASET\F\F01\Session1\prompts\0067.txt,True,[relax your mouth in its normal position],41,7,True,False
E:\AI_Project\TORGO_DATASET\F\F01\Session1\wav_headMic\0068.wav,0068.wav,0068,.wav,F01,dysarthric,female,Session1,False,Error opening 'E:\\AI_Project\\TORGO_DATASET\\F\\F01\\Session1\\wav_headMic\\0068.wav': Format not recognised.,,,,,False,False,,,E:\AI_Project\TORGO_DATASET\F\F01\Session1\prompts\0068.txt,True,[relax your mouth in its normal position],41,7,True,False
E:\AI_Project\TORGO_DATASET\F\F03\Session1\wav_headMic\0118.wav,0118.wav,0118,.wav,F03,dysarthric,female,Session1,False,,16000.0,1.0,3101258.0,193.828625,False,True,0.0,d8a4b3d9ca6b2a0aace2015847c3f6c5f2b3ee4065d7fa5f3352727744dd8e69,E:\AI_Project\TORGO_DATASET\F\F03\Session1\prompts\0118.txt,True,no,2,1,False,False
E:\AI_Project\TORGO_DATASET\F\F03\Session2\wav_arrayMic\0014.wav,0014.wav,0014,.wav,F03,dysarthric,female,Session2,False,,16000.0,1.0,2400.0,0.15,False,True,0.0,d86aa5d8016e2cbcbe6d1461a25f44d55b44a5acfa6b36d759c33da3feba0bec,E:\AI_Project\TORGO_DATASET\F\F03\Session2\prompts\0014.txt,True,peer,4,1,False,False
E:\AI_Project\TORGO_DATASET\F\F03\Session2\wav_arrayMic\0162.wav,0162.wav,0162,.wav,F03,dysarthric,female,Session2,True,,16000.0,1.0,16800.0,1.05,False,False,0.0,4c372fcbe4941c67798d770fc8dc140fe8f5985abbe29527fe7b185a85a7e13f,,False,,0,0,False,False
E:\AI_Project\TORGO_DATASET\F\F03\Session2\wav_arrayMic\0163.wav,0163.wav,0163,.wav,F03,dysarthric,female,Session2,True,,16000.0,1.0,62400.0,3.9,False,False,0.0,a32c5c81cb60b319bb13aad68b49024f0b2ba8e517e67ed28f2755efddd48987,,False,,0,0,False,False
E:\AI_Project\TORGO_DATASET\F\F03\Session2\wav_arrayMic\0164.wav,0164.wav,0164,.wav,F03,dysarthric,female,Session2,True,,16000.0,1.0,24000.0,1.5,False,False,0.0,f46b950d74d04dafbb44d6dc88e98b0cc6a37ba37b686734b5c0595d92868601,,False,,0,0,False,False
E:\AI_Project\TORGO_DATASET\F\F03\Session2\wav_arrayMic\0165.wav,0165.wav,0165,.wav,F03,dysarthric,female,Session2,True,,16000.0,1.0,43200.0,2.7,False,False,0.0,bb9eda9e2822d6c91dcb1844e4c7b1d6874643e8ac4735ac6390614df5159bc9,,False,,0,0,False,False
E:\AI_Project\TORGO_DATASET\F\F03\Session2\wav_arrayMic\0166.wav,0166.wav,0166,.wav,F03,dysarthric,female,Session2,True,,16000.0,1.0,103200.0,6.45,False,False,0.0,6470956bf3489286fa0e41f98dabde2c29155765c933344cd8455ff743179086,,False,,0,0,False,False
E:\AI_Project\TORGO_DATASET\F\F03\Session2\wav_arrayMic\0167.wav,0167.wav,0167,.wav,F03,dysarthric,female,Session2,True,,16000.0,1.0,139200.0,8.7,False,False,0.0,5048798ddf0eb62d5a1c77d87ba2eac0625825fecc1969585d71edff9d98aeb0,,False,,0,0,False,False
E:\AI_Project\TORGO_DATASET\F\F03\Session2\wav_arrayMic\0168.wav,0168.wav,0168,.wav,F03,dysarthric,female,Session2,True,,16000.0,1.0,160800.0,10.05,False,False,0.0,84d40c22a38ab32e0a2e6a560193bfb0a1af804d94a8867009e661f1ba823368,,False,,0,0,False,False
E:\AI_Project\TORGO_DATASET\F\F03\Session2\wav_arrayMic\0169.wav,0169.wav,0169,.wav,F03,dysarthric,female,Session2,True,,16000.0,1.0,67200.0,4.2,False,False,0.0,95c74ff34b3f7ebf986960af33a7d7869cb0d28dca317c02981140c34a9dd622,,False,,0,0,False,False
E:\AI_Project\TORGO_DATASET\F\F03\Session2\wav_arrayMic\0170.wav,0170.wav,0170,.wav,F03,dysarthric,female,Session2,True,,16000.0,1.0,28800.0,1.8,False,False,0.0,f28d80dd8103b245122426c9b10d31841566506f9b6e0df05a31cc7a2df37560,,False,,0,0,False,False
E:\AI_Project\TORGO_DATASET\F\F03\Session2\wav_arrayMic\0171.wav,0171.wav,0171,.wav,F03,dysarthric,female,Session2,True,,16000.0,1.0,57600.0,3.6,False,False,0.0,da9343dd1956b79a132645d12da4149185d18f82a091bfdf2255540546c45981,,False,,0,0,False,False
E:\AI_Project\TORGO_DATASET\F\F03\Session2\wav_arrayMic\0172.wav,0172.wav,0172,.wav,F03,dysarthric,female,Session2,True,,16000.0,1.0,28800.0,1.8,False,False,0.0,071b36b60e134f61bc22088158bb4e78e384ce1fa83e7660d42e15e9516102ad,,False,,0,0,False,False
E:\AI_Project\TORGO_DATASET\F\F03\Session2\wav_arrayMic\0173.wav,0173.wav,0173,.wav,F03,dysarthric,female,Session2,True,,16000.0,1.0,28800.0,1.8,False,False,0.0,080840041d2e714fca41cccddef3a98f5cb937c76081bd168e0869646c777dd6,,False,,0,0,False,False
E:\AI_Project\TORGO_DATASET\F\F03\Session2\wav_arrayMic\0174.wav,0174.wav,0174,.wav,F03,dysarthric,female,Session2,True,,16000.0,1.0,223200.0,13.95,False,False,0.0,f5c718fa739fe58ec1a69afd1909f7535c25cbf4a75dca9acbb091015fefed52,,False,,0,0,False,False
E:\AI_Project\TORGO_DATASET\F\F03\Session2\wav_arrayMic\0175.wav,0175.wav,0175,.wav,F03,dysarthric,female,Session2,True,,16000.0,1.0,19200.0,1.2,False,False,0.0,dd1643b099ada8fa4b0e43cab90c2ed68c0d14b61fa300b31eb20f6f02517c59,,False,,0,0,False,False
E:\AI_Project\TORGO_DATASET\F\F03\Session2\wav_arrayMic\0176.wav,0176.wav,0176,.wav,F03,dysarthric,female,Session2,True,,16000.0,1.0,28800.0,1.8,False,False,0.0,741a88e6e101270087996d7c9e4ace271ac1955270e328c29316e2bb37b25a3e,,False,,0,0,False,False
E:\AI_Project\TORGO_DATASET\F\F03\Session2\wav_arrayMic\0177.wav,0177.wav,0177,.wav,F03,dysarthric,female,Session2,True,,16000.0,1.0,38400.0,2.4,False,False,0.0,48a3ca30d513c366e7aadd228b47c8a80d5895501c8b04aca168168982e325ff,,False,,0,0,False,False
E:\AI_Project\TORGO_DATASET\F\F03\Session2\wav_arrayMic\0178.wav,0178.wav,0178,.wav,F03,dysarthric,female,Session2,True,,16000.0,1.0,21600.0,1.35,False,False,0.0,1d903d0adb95a5f68c145543ff527f038133ed84e766976063a104948e93c40d,,False,,0,0,False,False
E:\AI_Project\TORGO_DATASET\F\F03\Session2\wav_arrayMic\0179.wav,0179.wav,0179,.wav,F03,dysarthric,female,Session2,True,,16000.0,1.0,33600.0,2.1,False,False,0.0,235da4e83e6fc2c777bc4cba83a5f7778e638a03516ebb0890d13c3216218ebb,,False,,0,0,False,False
E:\AI_Project\TORGO_DATASET\F\F03\Session2\wav_arrayMic\0180.wav,0180.wav,0180,.wav,F03,dysarthric,female,Session2,True,,16000.0,1.0,24000.0,1.5,False,False,0.0,e8f57ccfbe0d3716360248342ac9a27b40f5ba7b796a8efb6a165636571e24d2,,False,,0,0,False,False
E:\AI_Project\TORGO_DATASET\F\F03\Session2\wav_arrayMic\0181.wav,0181.wav,0181,.wav,F03,dysarthric,female,Session2,True,,16000.0,1.0,50400.0,3.15,False,False,0.0,367aa88bc48c4e3c0f1667bd4fcc482ea8d7753e3bcc20c672721badaa16eeaf,,False,,0,0,False,False
E:\AI_Project\TORGO_DATASET\F\F03\Session2\wav_arrayMic\0182.wav,0182.wav,0182,.wav,F03,dysarthric,female,Session2,True,,16000.0,1.0,21600.0,1.35,False,False,0.0,96437078b058b07fd0e76c386862e43a25aacd245d68f369406e6521cd0470ea,,False,,0,0,False,False
E:\AI_Project\TORGO_DATASET\F\F03\Session2\wav_arrayMic\0183.wav,0183.wav,0183,.wav,F03,dysarthric,female,Session2,True,,16000.0,1.0,21600.0,1.35,False,False,0.0,0208268e51a7227a2a3062374879d25671c6f9202690d9030b852f37ea2f6d3e,,False,,0,0,False,False
E:\AI_Project\TORGO_DATASET\F\F03\Session2\wav_arrayMic\0184.wav,0184.wav,0184,.wav,F03,dysarthric,female,Session2,True,,16000.0,1.0,19200.0,1.2,False,False,0.0,9388b82a97d82ba222a4fb431462228165f6a374a916c5c22d0daa164586b278,,False,,0,0,False,False
E:\AI_Project\TORGO_DATASET\F\F03\Session2\wav_arrayMic\0185.wav,0185.wav,0185,.wav,F03,dysarthric,female,Session2,True,,16000.0,1.0,28800.0,1.8,False,False,0.0,a216a9feeefa83566fbff020c77f7c93563bfbc0a5fa93446a87350539b625e1,,False,,0,0,False,False
E:\AI_Project\TORGO_DATASET\F\F03\Session2\wav_arrayMic\0186.wav,0186.wav,0186,.wav,F03,dysarthric,female,Session2,True,,16000.0,1.0,21600.0,1.35,False,False,0.0,e6c30e1dfdae3a6e9ba355a34b3071d8ac3e31bfd3f0ad1f105f4c66e3febfe3,,False,,0,0,False,False
E:\AI_Project\TORGO_DATASET\F\F03\Session2\wav_arrayMic\0187.wav,0187.wav,0187,.wav,F03,dysarthric,female,Session2,True,,16000.0,1.0,21600.0,1.35,False,False,0.0,efe44fd9bb35d625a63b472333a807dd0b80f3d884898ba69e394ac4504e140f,,False,,0,0,False,False
E:\AI_Project\TORGO_DATASET\F\F03\Session2\wav_arrayMic\0188.wav,0188.wav,0188,.wav,F03,dysarthric,female,Session2,True,,16000.0,1.0,26400.0,1.65,False,False,0.0,0cbbf765f9985be436d186de2ce67ce62a4fa0f2a14d7202b169471c5725974a,,False,,0,0,False,False
E:\AI_Project\TORGO_DATASET\F\F03\Session2\wav_arrayMic\0189.wav,0189.wav,0189,.wav,F03,dysarthric,female,Session2,True,,16000.0,1.0,36000.0,2.25,False,False,0.0,760739f878a54d21d9bbd189276c1397a350e0b2b314d528b613dc16e143f559,,False,,0,0,False,False
E:\AI_Project\TORGO_DATASET\F\F03\Session2\wav_arrayMic\0190.wav,0190.wav,0190,.wav,F03,dysarthric,female,Session2,True,,16000.0,1.0,144000.0,9.0,False,False,0.0,a34acb807a8b560fd797d9a7c251924c6e44a24d2d462e2c81f759de97566319,,False,,0,0,False,False
E:\AI_Project\TORGO_DATASET\F\F03\Session2\wav_arrayMic\0191.wav,0191.wav,0191,.wav,F03,dysarthric,female,Session2,True,,16000.0,1.0,98400.0,6.15,False,False,0.0,2d06e2fb49378ec38b67b9c36754cffc5d5de77a06fc4325b0bc7f87d15e7ab2,,False,,0,0,False,False
E:\AI_Project\TORGO_DATASET\F\F03\Session2\wav_arrayMic\0192.wav,0192.wav,0192,.wav,F03,dysarthric,female,Session2,True,,16000.0,1.0,177600.0,11.1,False,False,0.0,2d9c33a9d78d6bb01bce9660752b774809e33feec4cdcdcf157a58bb28398583,,False,,0,0,False,False
E:\AI_Project\TORGO_DATASET\F\F03\Session2\wav_arrayMic\0193.wav,0193.wav,0193,.wav,F03,dysarthric,female,Session2,True,,16000.0,1.0,21600.0,1.35,False,False,0.0,f212acf20cf315dd027ddcafc24455d244228c9c8c67fecc21599769bec40bf3,,False,,0,0,False,False
E:\AI_Project\TORGO_DATASET\F\F03\Session2\wav_arrayMic\0194.wav,0194.wav,0194,.wav,F03,dysarthric,female,Session2,True,,16000.0,1.0,48000.0,3.0,False,False,0.0,81dac847b03a44d31d2087d85421876669ad2c8ca2c418f72cdddc1ff5e97f10,,False,,0,0,False,False
E:\AI_Project\TORGO_DATASET\F\F03\Session2\wav_arrayMic\0195.wav,0195.wav,0195,.wav,F03,dysarthric,female,Session2,True,,16000.0,1.0,28800.0,1.8,False,False,0.0,651a462376319abd1311849141aaa81802e6a3fc697b7b10e956ca26026cabce,,False,,0,0,False,False
E:\AI_Project\TORGO_DATASET\F\F03\Session2\wav_arrayMic\0196.wav,0196.wav,0196,.wav,F03,dysarthric,female,Session2,True,,16000.0,1.0,38400.0,2.4,False,False,0.0,09fb08dc6f18b3487875725b6b3c46e3ca0c35aa2b0b7213d9bbae57d4fae3c4,,False,,0,0,False,False
E:\AI_Project\TORGO_DATASET\F\F03\Session2\wav_arrayMic\0197.wav,0197.wav,0197,.wav,F03,dysarthric,female,Session2,True,,16000.0,1.0,24000.0,1.5,False,False,0.0,1ba35ed99660246d253a1dc0803f86a02f20df6666b3dddd30dc8781d915db3f,,False,,0,0,False,False
E:\AI_Project\TORGO_DATASET\F\F03\Session2\wav_arrayMic\0198.wav,0198.wav,0198,.wav,F03,dysarthric,female,Session2,True,,16000.0,1.0,86400.0,5.4,False,False,0.0,82bc779fd3d8d0dbe7bfa37e0983d7d846284f47f8a2bdd5287bf76d306be134,,False,,0,0,False,False
E:\AI_Project\TORGO_DATASET\F\F03\Session2\wav_arrayMic\0199.wav,0199.wav,0199,.wav,F03,dysarthric,female,Session2,True,,16000.0,1.0,21600.0,1.35,False,False,0.0,756236c7c602f1fa808fdf12c5e13957af3e5b82957c53f2207ce272994349cf,,False,,0,0,False,False
E:\AI_Project\TORGO_DATASET\F\F03\Session2\wav_arrayMic\0200.wav,0200.wav,0200,.wav,F03,dysarthric,female,Session2,True,,16000.0,1.0,24000.0,1.5,False,False,0.0,8868bd3f36397064168e7a34f7a8f6b952aad0efe50a2a443c18760d33f7a957,,False,,0,0,False,False
E:\AI_Project\TORGO_DATASET\F\F03\Session2\wav_arrayMic\0201.wav,0201.wav,0201,.wav,F03,dysarthric,female,Session2,True,,16000.0,1.0,19200.0,1.2,False,False,0.0,7b2eeaf9f00ebbfecceabe8c9981fbde5533593dc1f210188ef2c02e009054c4,,False,,0,0,False,False
E:\AI_Project\TORGO_DATASET\F\F03\Session2\wav_arrayMic\0202.wav,0202.wav,0202,.wav,F03,dysarthric,female,Session2,True,,16000.0,1.0,21600.0,1.35,False,False,0.0,1ef5b84f71e0d637148be3d73c63693eb3562a1bcfea1eb4f85449ab0eabb782,,False,,0,0,False,False
E:\AI_Project\TORGO_DATASET\F\F03\Session2\wav_arrayMic\0203.wav,0203.wav,0203,.wav,F03,dysarthric,female,Session2,True,,16000.0,1.0,67200.0,4.2,False,False,0.0,7b4fe6ad8b6b32d39e0dac9d9e6e6d1a045774a484474407a1cc80c861521a0c,,False,,0,0,False,False
E:\AI_Project\TORGO_DATASET\F\F03\Session2\wav_arrayMic\0204.wav,0204.wav,0204,.wav,F03,dysarthric,female,Session2,True,,16000.0,1.0,28800.0,1.8,False,False,0.0,651c522a0c06cc39dbc5274d661644abbb1f3eb73b10497f255a180b7c1a171a,,False,,0,0,False,False
E:\AI_Project\TORGO_DATASET\F\F03\Session2\wav_arrayMic\0205.wav,0205.wav,0205,.wav,F03,dysarthric,female,Session2,True,,16000.0,1.0,40800.0,2.55,False,False,0.0,ce968f3d5ca2f7b0cff056f17b3495eac904e45a148989f142e16a27ab4621f0,,False,,0,0,False,False
E:\AI_Project\TORGO_DATASET\F\F03\Session2\wav_arrayMic\0206.wav,0206.wav,0206,.wav,F03,dysarthric,female,Session2,True,,16000.0,1.0,62400.0,3.9,False,False,0.0,5bbdbb689715880bde3283f8b211d85ca9cb5b226fab93137a75bffcc56a999d,,False,,0,0,False,False
E:\AI_Project\TORGO_DATASET\F\F03\Session2\wav_arrayMic\0207.wav,0207.wav,0207,.wav,F03,dysarthric,female,Session2,True,,16000.0,1.0,52800.0,3.3,False,False,0.0,5967b53d3fbe7013e2a16b8ae52ce1efc40687199b610fc8623f2f01b31013fe,,False,,0,0,False,False
E:\AI_Project\TORGO_DATASET\F\F03\Session2\wav_arrayMic\0208.wav,0208.wav,0208,.wav,F03,dysarthric,female,Session2,True,,16000.0,1.0,14400.0,0.9,False,False,0.0,31080b3ef3703603e3a81c370494dd339eaab9d616e482c564741f72bc615218,,False,,0,0,False,False
E:\AI_Project\TORGO_DATASET\F\F03\Session2\wav_arrayMic\0209.wav,0209.wav,0209,.wav,F03,dysarthric,female,Session2,True,,16000.0,1.0,33600.0,2.1,False,False,0.0,02476b165db4aebb75c67f7a2efd22fd274f5c16ec6a85692edf2121930c83ac,,False,,0,0,False,False
E:\AI_Project\TORGO_DATASET\F\F03\Session2\wav_arrayMic\0210.wav,0210.wav,0210,.wav,F03,dysarthric,female,Session2,True,,16000.0,1.0,19200.0,1.2,False,False,0.0,26bc4e56e1197353ea785e23a7d97dde004016e5d89e96e13f6516a6bd40da1b,,False,,0,0,False,False
E:\AI_Project\TORGO_DATASET\F\F03\Session2\wav_arrayMic\0211.wav,0211.wav,0211,.wav,F03,dysarthric,female,Session2,True,,16000.0,1.0,19200.0,1.2,False,False,0.0,a6963acf72e3338e8e74b8c69343eab304ad54b5cd4c8ebe0c7ca52396ad478e,,False,,0,0,False,False
E:\AI_Project\TORGO_DATASET\F\F03\Session2\wav_arrayMic\0212.wav,0212.wav,0212,.wav,F03,dysarthric,female,Session2,True,,16000.0,1.0,19200.0,1.2,False,False,0.0,086e92fb404c2b547da53b39c3be6317a1d7b0ffcffa36b53d9ac4f67e346369,,False,,0,0,False,False
E:\AI_Project\TORGO_DATASET\F\F03\Session2\wav_arrayMic\0213.wav,0213.wav,0213,.wav,F03,dysarthric,female,Session2,True,,16000.0,1.0,19200.0,1.2,False,False,0.0,288d44251b819c5fb498fee93c4d19c105a01799268cb9b345b4b5d01b3f3724,,False,,0,0,False,False
E:\AI_Project\TORGO_DATASET\F\F03\Session2\wav_arrayMic\0214.wav,0214.wav,0214,.wav,F03,dysarthric,female,Session2,True,,16000.0,1.0,74400.0,4.65,False,False,0.0,b1edc8eb37a84aa671c40eff15800fa7e878332b30fd370df4835ad9d873afc5,,False,,0,0,False,False
E:\AI_Project\TORGO_DATASET\F\F03\Session2\wav_arrayMic\0215.wav,0215.wav,0215,.wav,F03,dysarthric,female,Session2,True,,16000.0,1.0,124800.0,7.8,False,False,0.0,0c94bbb819f05207ed8ad9e683e7d70bcebe3accfd2fb94b06699e6231bd92ad,,False,,0,0,False,False
E:\AI_Project\TORGO_DATASET\F\F03\Session2\wav_arrayMic\0216.wav,0216.wav,0216,.wav,F03,dysarthric,female,Session2,True,,16000.0,1.0,26400.0,1.65,False,False,0.0,a3f26e9a0dc9be3a94c89b28ae2ec07fd915f92ea7e73c2e05ca95f4da723336,,False,,0,0,False,False
E:\AI_Project\TORGO_DATASET\F\F03\Session2\wav_arrayMic\0217.wav,0217.wav,0217,.wav,F03,dysarthric,female,Session2,True,,16000.0,1.0,16800.0,1.05,False,False,0.0,a0ebd7471ef238ea1910428396d2ef3fb767422a086037d51c0dd693c4dfe5fc,,False,,0,0,False,False
E:\AI_Project\TORGO_DATASET\F\F03\Session2\wav_arrayMic\0218.wav,0218.wav,0218,.wav,F03,dysarthric,female,Session2,True,,16000.0,1.0,21600.0,1.35,False,False,0.0,6df8f06476921679c2ebe889e58f29da6d2eb539b328d01c9b749b3f1c14121c,,False,,0,0,False,False
E:\AI_Project\TORGO_DATASET\F\F03\Session2\wav_arrayMic\0219.wav,0219.wav,0219,.wav,F03,dysarthric,female,Session2,True,,16000.0,1.0,43200.0,2.7,False,False,0.0,e735876d2695e8361ba2a0592f9f5a6c22c6ea1a9276d420d23286ae4a63621d,,False,,0,0,False,False
E:\AI_Project\TORGO_DATASET\F\F03\Session2\wav_arrayMic\0221.wav,0221.wav,0221,.wav,F03,dysarthric,female,Session2,True,,16000.0,1.0,28800.0,1.8,False,False,0.0,01148d4a7e8fdebd6dd1b078caf9c21f03097e2def11b78bdc5825823a31fe29,,False,,0,0,False,False
E:\AI_Project\TORGO_DATASET\F\F03\Session2\wav_arrayMic\0222.wav,0222.wav,0222,.wav,F03,dysarthric,female,Session2,True,,16000.0,1.0,64800.0,4.05,False,False,0.0,39201907af32731bfa0e085348d2375dbd196bfabc9310616121cd63d501f6ae,,False,,0,0,False,False
E:\AI_Project\TORGO_DATASET\F\F03\Session2\wav_arrayMic\0223.wav,0223.wav,0223,.wav,F03,dysarthric,female,Session2,True,,16000.0,1.0,146400.0,9.15,False,False,0.0,04037e6d19b879031c4bbbb02ce0095d45765606489224cc9a7c6eacd7f7a1e8,,False,,0,0,False,False
E:\AI_Project\TORGO_DATASET\F\F03\Session2\wav_arrayMic\0224.wav,0224.wav,0224,.wav,F03,dysarthric,female,Session2,True,,16000.0,1.0,24000.0,1.5,False,False,0.0,e964ec41b7386b07481af3b7fa56dab555c42f59dffc74187e4c1a4b675a5e73,,False,,0,0,False,False
E:\AI_Project\TORGO_DATASET\F\F03\Session2\wav_arrayMic\0225.wav,0225.wav,0225,.wav,F03,dysarthric,female,Session2,True,,16000.0,1.0,24000.0,1.5,False,False,0.0,92c91a100263b83fac1574a20317ea8da541fa73bffcd8ca4d5850e82bfbd91f,,False,,0,0,False,False
E:\AI_Project\TORGO_DATASET\F\F03\Session2\wav_arrayMic\0226.wav,0226.wav,0226,.wav,F03,dysarthric,female,Session2,True,,16000.0,1.0,16800.0,1.05,False,False,0.0,198b42c01bd5965fd003acb21da488f42247477da2670fa06de8cf7a97373c3f,,False,,0,0,False,False
E:\AI_Project\TORGO_DATASET\F\F03\Session2\wav_arrayMic\0227.wav,0227.wav,0227,.wav,F03,dysarthric,female,Session2,True,,16000.0,1.0,21600.0,1.35,False,False,0.0,655bcd94f2593009daf317f6914f0938f5aec3796afe3ba4a728ca148482ea77,,False,,0,0,False,False
E:\AI_Project\TORGO_DATASET\F\F03\Session2\wav_arrayMic\0228.wav,0228.wav,0228,.wav,F03,dysarthric,female,Session2,True,,16000.0,1.0,24000.0,1.5,False,False,0.0,e0c54e4910df41888451463daf05e95e76670e61c340c44655893a971f3a6ebc,,False,,0,0,False,False
E:\AI_Project\TORGO_DATASET\F\F03\Session2\wav_arrayMic\0229.wav,0229.wav,0229,.wav,F03,dysarthric,female,Session2,True,,16000.0,1.0,33600.0,2.1,False,False,0.0,e23c9765bd189d0bca69b0de702cfaeb105b365794fd71f055b4f90bb288a85a,,False,,0,0,False,False
E:\AI_Project\TORGO_DATASET\F\F03\Session2\wav_arrayMic\0230.wav,0230.wav,0230,.wav,F03,dysarthric,female,Session2,True,,16000.0,1.0,45600.0,2.85,False,False,0.0,45dcc926d4707bf7eb228feab96fea3a335fd1b37402af3f8531c4cb089c4804,,False,,0,0,False,False
E:\AI_Project\TORGO_DATASET\F\F03\Session2\wav_arrayMic\0232.wav,0232.wav,0232,.wav,F03,dysarthric,female,Session2,True,,16000.0,1.0,19200.0,1.2,False,False,0.0,07c88ed8ec64bc77176168e51da31855ff046e71c8de7cc25104f9b2e91f1467,,False,,0,0,False,False
E:\AI_Project\TORGO_DATASET\F\F03\Session2\wav_arrayMic\0233.wav,0233.wav,0233,.wav,F03,dysarthric,female,Session2,True,,16000.0,1.0,16800.0,1.05,False,False,0.0,8c07edd0ad1f04fd2c455b2ae7ef14e092cd9a3db5a6622e1fd94c53165b630a,,False,,0,0,False,False
E:\AI_Project\TORGO_DATASET\F\F03\Session2\wav_arrayMic\0234.wav,0234.wav,0234,.wav,F03,dysarthric,female,Session2,True,,16000.0,1.0,76800.0,4.8,False,False,0.0,fa71c1397232e28cb14efb689f669e1a1c09a9afe5c020e29f0bc97b07a8613d,,False,,0,0,False,False
E:\AI_Project\TORGO_DATASET\F\F03\Session2\wav_arrayMic\0235.wav,0235.wav,0235,.wav,F03,dysarthric,female,Session2,True,,16000.0,1.0,33600.0,2.1,False,False,0.0,80366a941affd57881dedfae03cde573d204f21b66a0d7fcd2faa131aa240b0a,,False,,0,0,False,False
E:\AI_Project\TORGO_DATASET\F\F03\Session2\wav_arrayMic\0236.wav,0236.wav,0236,.wav,F03,dysarthric,female,Session2,True,,16000.0,1.0,21600.0,1.35,False,False,0.0,707fadf84f030bb86fffa7335bba1bb104f6f4ae53385b714f541cc4169fef6a,,False,,0,0,False,False
E:\AI_Project\TORGO_DATASET\F\F03\Session2\wav_arrayMic\0237.wav,0237.wav,0237,.wav,F03,dysarthric,female,Session2,True,,16000.0,1.0,26400.0,1.65,False,False,0.0,a10b79ace479e7cde29652f0de1716a1f4cbe0a2fc3fc3959728b59238a35cbb,,False,,0,0,False,False
E:\AI_Project\TORGO_DATASET\F\F03\Session2\wav_arrayMic\0238.wav,0238.wav,0238,.wav,F03,dysarthric,female,Session2,True,,16000.0,1.0,21600.0,1.35,False,False,0.0,ff1efffc584b0f846e0f66355b075412e166c8bef61988fa8bdcba6ece4d4374,,False,,0,0,False,False
E:\AI_Project\TORGO_DATASET\F\F03\Session2\wav_arrayMic\0239.wav,0239.wav,0239,.wav,F03,dysarthric,female,Session2,True,,16000.0,1.0,52800.0,3.3,False,False,0.0,21c0b4b277cbd2057ab421eac8adc3b1eb868f8faf17fe90ca5e8e1aab5e71e4,,False,,0,0,False,False
E:\AI_Project\TORGO_DATASET\F\F03\Session2\wav_arrayMic\0240.wav,0240.wav,0240,.wav,F03,dysarthric,female,Session2,True,,16000.0,1.0,16800.0,1.05,False,False,0.0,384eace1fc2f4f19b26170e9379240d5d6c6e4b60090b3b202702aedf0a8ca23,,False,,0,0,False,False
E:\AI_Project\TORGO_DATASET\F\F03\Session2\wav_arrayMic\0241.wav,0241.wav,0241,.wav,F03,dysarthric,female,Session2,True,,16000.0,1.0,16800.0,1.05,False,False,0.0,b1185b68ec43a28155150b5889d06f8a0ea8dff0c625382b1a55b5869270a346,,False,,0,0,False,False
E:\AI_Project\TORGO_DATASET\F\F03\Session2\wav_arrayMic\0242.wav,0242.wav,0242,.wav,F03,dysarthric,female,Session2,True,,16000.0,1.0,81600.0,5.1,False,False,0.0,1108c12a34cde0044a13feb0f0264cdbd6355792723a8ffc681e8d17337270dd,,False,,0,0,False,False
E:\AI_Project\TORGO_DATASET\F\F03\Session2\wav_arrayMic\0243.wav,0243.wav,0243,.wav,F03,dysarthric,female,Session2,True,,16000.0,1.0,72000.0,4.5,False,False,0.0,4eae96645cd3a30d8e2eb1bb6b49436169739c91cf7a137b51b2b24986c17752,,False,,0,0,False,False
E:\AI_Project\TORGO_DATASET\F\F03\Session2\wav_arrayMic\0244.wav,0244.wav,0244,.wav,F03,dysarthric,female,Session2,True,,16000.0,1.0,16800.0,1.05,False,False,0.0,3f39eeec4a14073e71caebc173c1462d1b8aac3c3755a15ea32ea57b0f72043c,,False,,0,0,False,False
E:\AI_Project\TORGO_DATASET\F\F03\Session2\wav_arrayMic\0245.wav,0245.wav,0245,.wav,F03,dysarthric,female,Session2,True,,16000.0,1.0,48000.0,3.0,False,False,0.0,8f5937356d540c9fadcc170bb22286352765f59e590e5b9fa42ae71e6914a1ab,,False,,0,0,False,False
E:\AI_Project\TORGO_DATASET\F\F03\Session2\wav_arrayMic\0246.wav,0246.wav,0246,.wav,F03,dysarthric,female,Session2,True,,16000.0,1.0,14400.0,0.9,False,False,0.0,703e7b7ed08d2baba0a9a64b9f4c95c9cfac9f5a7861e3628a4048ab8dd56c5e,,False,,0,0,False,False
E:\AI_Project\TORGO_DATASET\F\F03\Session2\wav_arrayMic\0247.wav,0247.wav,0247,.wav,F03,dysarthric,female,Session2,True,,16000.0,1.0,26400.0,1.65,False,False,0.0,3f5af33179db5bdcdc7a89d418993a60dd2eabbac2c1d0b9fe4758f18aa1373c,,False,,0,0,False,False
E:\AI_Project\TORGO_DATASET\F\F03\Session2\wav_arrayMic\0248.wav,0248.wav,0248,.wav,F03,dysarthric,female,Session2,True,,16000.0,1.0,91200.0,5.7,False,False,0.0,e8ebf42a7b2ed62666e2c5c0f2dcb07bd64ef1579eca907f61720a5260181524,,False,,0,0,False,False
E:\AI_Project\TORGO_DATASET\F\F03\Session2\wav_arrayMic\0249.wav,0249.wav,0249,.wav,F03,dysarthric,female,Session2,True,,16000.0,1.0,16800.0,1.05,False,False,0.0,b229b30e1a5fedfb78cc1b6dd28b43af4c13c6dc5c2f6edcca5a870d93c9a426,,False,,0,0,False,False
E:\AI_Project\TORGO_DATASET\F\F03\Session2\wav_arrayMic\0250.wav,0250.wav,0250,.wav,F03,dysarthric,female,Session2,True,,16000.0,1.0,26400.0,1.65,False,False,0.0,52130add13ca76b5c80953c3dc41558710b795af6db942e23e209ef20d02d8ee,,False,,0,0,False,False
E:\AI_Project\TORGO_DATASET\F\F03\Session2\wav_arrayMic\0251.wav,0251.wav,0251,.wav,F03,dysarthric,female,Session2,True,,16000.0,1.0,28800.0,1.8,False,False,0.0,191735b7f63f858b7e41b8f3c625fa8c850d1a6de7ad7a483f7133acbe0af40b,,False,,0,0,False,False
E:\AI_Project\TORGO_DATASET\F\F03\Session2\wav_arrayMic\0252.wav,0252.wav,0252,.wav,F03,dysarthric,female,Session2,True,,16000.0,1.0,43200.0,2.7,False,False,0.0,7385659dee5308d2f008091dfe1ff8f12849f5e14bb70e4a997bbfb460b8a761,,False,,0,0,False,False
E:\AI_Project\TORGO_DATASET\F\F03\Session2\wav_arrayMic\0253.wav,0253.wav,0253,.wav,F03,dysarthric,female,Session2,True,,16000.0,1.0,14400.0,0.9,False,False,0.0,d9045acce906fe14c14ee044dd6b089335253650a03706cb8d288f2d1813e870,,False,,0,0,False,False
E:\AI_Project\TORGO_DATASET\F\F03\Session2\wav_arrayMic\0254.wav,0254.wav,0254,.wav,F03,dysarthric,female,Session2,True,,16000.0,1.0,16800.0,1.05,False,False,0.0,566241322a8b3f458ee859a0421b8a58a5654fd2fbcdb6be4aea1dad8ef12cae,,False,,0,0,False,False
E:\AI_Project\TORGO_DATASET\F\F03\Session2\wav_arrayMic\0255.wav,0255.wav,0255,.wav,F03,dysarthric,female,Session2,True,,16000.0,1.0,45600.0,2.85,False,False,0.0,204286a658e6019df853f188afbd9d4a81652986047c48d7443619d2bbebdc5a,,False,,0,0,False,False
E:\AI_Project\TORGO_DATASET\F\F03\Session2\wav_arrayMic\0256.wav,0256.wav,0256,.wav,F03,dysarthric,female,Session2,True,,16000.0,1.0,16800.0,1.05,False,False,0.0,de4ec3e2930e7f62c3c9ab580da8a9294e0a84d828cebdb64587fcc0a0629451,,False,,0,0,False,False
E:\AI_Project\TORGO_DATASET\F\F03\Session2\wav_arrayMic\0257.wav,0257.wav,0257,.wav,F03,dysarthric,female,Session2,True,,16000.0,1.0,7200.0,0.45,False,False,0.0,6bdbe3020eb6bf23f7d6fb014a1d477bed55531700cb633b7531c587730ae9ff,,False,,0,0,False,False
E:\AI_Project\TORGO_DATASET\F\F03\Session2\wav_arrayMic\0258.wav,0258.wav,0258,.wav,F03,dysarthric,female,Session2,True,,16000.0,1.0,36000.0,2.25,False,False,0.0,bcc6a89a2d44b3acfb55ac3539c716318149920250eae62247600b9ce13ce3e7,,False,,0,0,False,False
E:\AI_Project\TORGO_DATASET\F\F03\Session2\wav_arrayMic\0259.wav,0259.wav,0259,.wav,F03,dysarthric,female,Session2,True,,16000.0,1.0,40800.0,2.55,False,False,0.0,efff077049ee3a77c37228b5a809e0f16f3dd397c2ddaccaea672a59da455796,,False,,0,0,False,False
E:\AI_Project\TORGO_DATASET\F\F03\Session2\wav_arrayMic\0260.wav,0260.wav,0260,.wav,F03,dysarthric,female,Session2,True,,16000.0,1.0,40800.0,2.55,False,False,0.0,c706f4e96b4c93a186dccb0662cb70404331c3b43331470e7c8b159cf7d15a7d,,False,,0,0,False,False
E:\AI_Project\TORGO_DATASET\F\F03\Session2\wav_arrayMic\0261.wav,0261.wav,0261,.wav,F03,dysarthric,female,Session2,True,,16000.0,1.0,26400.0,1.65,False,False,0.0,cab6bae265fd9e642c0eed09c5e54ebf09425431e4c790de649e3e387b810169,,False,,0,0,False,False
E:\AI_Project\TORGO_DATASET\F\F03\Session2\wav_arrayMic\0262.wav,0262.wav,0262,.wav,F03,dysarthric,female,Session2,True,,16000.0,1.0,14400.0,0.9,False,False,0.0,f6be9974ff05401c12482e9991c73397cbd6b507b7b78129a486320b710aa369,,False,,0,0,False,False
E:\AI_Project\TORGO_DATASET\F\F03\Session2\wav_arrayMic\0263.wav,0263.wav,0263,.wav,F03,dysarthric,female,Session2,True,,16000.0,1.0,69600.0,4.35,False,False,0.0,fa50fbb547f5840e3d400bf97b1e4050c7db19fde34979278d140010b10c9a6b,,False,,0,0,False,False
E:\AI_Project\TORGO_DATASET\F\F03\Session2\wav_arrayMic\0265.wav,0265.wav,0265,.wav,F03,dysarthric,female,Session2,True,,16000.0,1.0,48000.0,3.0,False,False,0.0,f749689d8174bfef39b6337e8ab60548f79053d3c5b3d8e752e7e03f62b20b02,,False,,0,0,False,False
E:\AI_Project\TORGO_DATASET\F\F03\Session2\wav_arrayMic\0266.wav,0266.wav,0266,.wav,F03,dysarthric,female,Session2,True,,16000.0,1.0,16800.0,1.05,False,False,0.0,6f326ca6d3130d0dbd8985f3fce910bf011ac18313298c54a7fa470ac2328053,,False,,0,0,False,False
E:\AI_Project\TORGO_DATASET\F\F03\Session2\wav_arrayMic\0267.wav,0267.wav,0267,.wav,F03,dysarthric,female,Session2,True,,16000.0,1.0,21600.0,1.35,False,False,0.0,7f267e31474839bd1f586f08ac5d7524d0889457e43c62f3893c4e177399b097,,False,,0,0,False,False
E:\AI_Project\TORGO_DATASET\F\F03\Session2\wav_arrayMic\0268.wav,0268.wav,0268,.wav,F03,dysarthric,female,Session2,True,,16000.0,1.0,19200.0,1.2,False,False,0.0,b18149ff611bf68b78fcfd9817a3ad31d42a9e2561aade5ce29491a8b7d1450d,,False,,0,0,False,False
E:\AI_Project\TORGO_DATASET\F\F03\Session2\wav_arrayMic\0269.wav,0269.wav,0269,.wav,F03,dysarthric,female,Session2,True,,16000.0,1.0,19200.0,1.2,False,False,0.0,6b09fda96fcb2393a5276e054018b05eec9bde3929b1143c841c0a356111a99a,,False,,0,0,False,False
E:\AI_Project\TORGO_DATASET\F\F03\Session2\wav_arrayMic\0270.wav,0270.wav,0270,.wav,F03,dysarthric,female,Session2,True,,16000.0,1.0,31200.0,1.95,False,False,0.0,1a5c741afe111aa40e442edf045d4929e072766a5aa956fdeb3d2419e221e7ab,,False,,0,0,False,False
E:\AI_Project\TORGO_DATASET\F\F03\Session2\wav_arrayMic\0271.wav,0271.wav,0271,.wav,F03,dysarthric,female,Session2,True,,16000.0,1.0,12000.0,0.75,False,False,0.0,df1ccd4b5968cef5c05b26ef396b0d4982232efbc9456bc249aee8bf77679e30,,False,,0,0,False,False
E:\AI_Project\TORGO_DATASET\F\F03\Session2\wav_arrayMic\0272.wav,0272.wav,0272,.wav,F03,dysarthric,female,Session2,True,,16000.0,1.0,24000.0,1.5,False,False,0.0,86ca154ce4bc3b44e674c9e7e468131395aa17470971a8eec3fa446428d468b9,,False,,0,0,False,False
E:\AI_Project\TORGO_DATASET\F\F03\Session2\wav_arrayMic\0273.wav,0273.wav,0273,.wav,F03,dysarthric,female,Session2,True,,16000.0,1.0,19200.0,1.2,False,False,0.0,370be03cbad4d5cb939b25970a2d30fcadb5abe13337b40c141f7934db4d7d2f,,False,,0,0,False,False
E:\AI_Project\TORGO_DATASET\F\F03\Session2\wav_arrayMic\0274.wav,0274.wav,0274,.wav,F03,dysarthric,female,Session2,True,,16000.0,1.0,21600.0,1.35,False,False,0.0,cece25f00c7b3bc606c043af953b88d409df4c9a3392718907009bf100ecc2da,,False,,0,0,False,False
E:\AI_Project\TORGO_DATASET\F\F03\Session2\wav_arrayMic\0275.wav,0275.wav,0275,.wav,F03,dysarthric,female,Session2,True,,16000.0,1.0,38400.0,2.4,False,False,0.0,4a2e8e99a0fc1668408d29e03353690e020693b4e842237cef5f47d980819912,,False,,0,0,False,False
E:\AI_Project\TORGO_DATASET\F\F03\Session2\wav_arrayMic\0276.wav,0276.wav,0276,.wav,F03,dysarthric,female,Session2,True,,16000.0,1.0,24000.0,1.5,False,False,0.0,1cc235c72ff791c0545a54309c69ad3ed3ababf5b2ce6393d23d5a16a7cb5d8c,,False,,0,0,False,False
E:\AI_Project\TORGO_DATASET\F\F03\Session2\wav_arrayMic\0277.wav,0277.wav,0277,.wav,F03,dysarthric,female,Session2,True,,16000.0,1.0,16800.0,1.05,False,False,0.0,e24dece54f3096c60ec4a2de722fe27663092f14ba47b0a2d4a10b4bbc0fb211,,False,,0,0,False,False
E:\AI_Project\TORGO_DATASET\F\F03\Session2\wav_arrayMic\0278.wav,0278.wav,0278,.wav,F03,dysarthric,female,Session2,True,,16000.0,1.0,19200.0,1.2,False,False,0.0,2c05797d302dbef52cc9cd63ae1c18c535d883538b216754688aed4d56a65e26,,False,,0,0,False,False
E:\AI_Project\TORGO_DATASET\F\F03\Session2\wav_arrayMic\0279.wav,0279.wav,0279,.wav,F03,dysarthric,female,Session2,True,,16000.0,1.0,16800.0,1.05,False,False,0.0,4b9c5a611b928e3ced456cd29f33106b756578036a0b6cd5f154c9505608b709,,False,,0,0,False,False
E:\AI_Project\TORGO_DATASET\F\F03\Session2\wav_arrayMic\0280.wav,0280.wav,0280,.wav,F03,dysarthric,female,Session2,True,,16000.0,1.0,16800.0,1.05,False,False,0.0,f2764b7227e42d10dfc963b32a6e5f1aed781a3661d3a5d6d5f5c7bc612ed6bb,,False,,0,0,False,False
E:\AI_Project\TORGO_DATASET\F\F03\Session2\wav_arrayMic\0281.wav,0281.wav,0281,.wav,F03,dysarthric,female,Session2,True,,16000.0,1.0,16800.0,1.05,False,False,0.0,c46f3c01236fe4dd63825d4236e7f6d7ecd9e0735fb3f7815f6cb6260929453f,,False,,0,0,False,False
E:\AI_Project\TORGO_DATASET\F\F03\Session2\wav_arrayMic\0282.wav,0282.wav,0282,.wav,F03,dysarthric,female,Session2,True,,16000.0,1.0,14400.0,0.9,False,False,0.0,d9caac4107a5fd7f8ac9f66c5fee01499bab85345da1cb8144312913572373a5,,False,,0,0,False,False
E:\AI_Project\TORGO_DATASET\F\F03\Session2\wav_arrayMic\0283.wav,0283.wav,0283,.wav,F03,dysarthric,female,Session2,True,,16000.0,1.0,55200.0,3.45,False,False,0.0,3ddf32325edd9fdf5770894a41581b1ecc997fcb77ecb5d4f068c40907339b8b,,False,,0,0,False,False
E:\AI_Project\TORGO_DATASET\F\F03\Session2\wav_arrayMic\0284.wav,0284.wav,0284,.wav,F03,dysarthric,female,Session2,True,,16000.0,1.0,45600.0,2.85,False,False,0.0,e1a7ac1de5953fbc9502129b802295987dfee91ba9851e85eb90be7058700133,,False,,0,0,False,False
E:\AI_Project\TORGO_DATASET\F\F03\Session2\wav_arrayMic\0285.wav,0285.wav,0285,.wav,F03,dysarthric,female,Session2,True,,16000.0,1.0,19200.0,1.2,False,False,0.0,2e7c21f0ca2a178d957577a6e851c84c28335e8f400a12c85e48c8a8dfa21716,,False,,0,0,False,False
E:\AI_Project\TORGO_DATASET\F\F03\Session2\wav_arrayMic\0286.wav,0286.wav,0286,.wav,F03,dysarthric,female,Session2,True,,16000.0,1.0,24000.0,1.5,False,False,0.0,3edaec6a6e02ae045c0ba442e727a7f3c534c7e85c9381921ff54ead14f68e1d,,False,,0,0,False,False
E:\AI_Project\TORGO_DATASET\F\F03\Session2\wav_arrayMic\0287.wav,0287.wav,0287,.wav,F03,dysarthric,female,Session2,True,,16000.0,1.0,43200.0,2.7,False,False,0.0,3e973877e29fec47bc474a2cab56086160a2277066beeb475623c657d61495f9,,False,,0,0,False,False
E:\AI_Project\TORGO_DATASET\F\F03\Session2\wav_arrayMic\0288.wav,0288.wav,0288,.wav,F03,dysarthric,female,Session2,True,,16000.0,1.0,19200.0,1.2,False,False,0.0,ef4f4011e845aa05250fa03b07413bc82a60e71f0bb78b336cceb6ddff8c3ad2,,False,,0,0,False,False
E:\AI_Project\TORGO_DATASET\F\F03\Session2\wav_arrayMic\0289.wav,0289.wav,0289,.wav,F03,dysarthric,female,Session2,True,,16000.0,1.0,12000.0,0.75,False,False,0.0,0ffd70850f54d4d1cfcd38630f6a5ef7493c87e9bfff49f1c44f9efc909684a3,,False,,0,0,False,False
E:\AI_Project\TORGO_DATASET\F\F03\Session2\wav_arrayMic\0290.wav,0290.wav,0290,.wav,F03,dysarthric,female,Session2,True,,16000.0,1.0,21600.0,1.35,False,False,0.0,dd969a980741acb502ad89545473201e89a97759b298c02c091b6b46b7815199,,False,,0,0,False,False
E:\AI_Project\TORGO_DATASET\F\F03\Session2\wav_arrayMic\0291.wav,0291.wav,0291,.wav,F03,dysarthric,female,Session2,True,,16000.0,1.0,19200.0,1.2,False,False,0.0,87e681d0aae1f43cbb97aa368f202a15a0ab2577aa9658b7afd6991b48af11b4,,False,,0,0,False,False
E:\AI_Project\TORGO_DATASET\F\F03\Session2\wav_arrayMic\0292.wav,0292.wav,0292,.wav,F03,dysarthric,female,Session2,True,,16000.0,1.0,14400.0,0.9,False,False,0.0,c1eeb377caa0e752232151adcf2625a5a384d7bbbe2e73d75197870351cc8c80,,False,,0,0,False,False
E:\AI_Project\TORGO_DATASET\F\F03\Session2\wav_arrayMic\0293.wav,0293.wav,0293,.wav,F03,dysarthric,female,Session2,True,,16000.0,1.0,50400.0,3.15,False,False,0.0,032fd5dde44a244ca051c4393a9569483174bf7f52c0404e0a7678e3c7884ed6,,False,,0,0,False,False
E:\AI_Project\TORGO_DATASET\F\F03\Session2\wav_arrayMic\0294.wav,0294.wav,0294,.wav,F03,dysarthric,female,Session2,True,,16000.0,1.0,16800.0,1.05,False,False,0.0,91014b53a3ea5b957142cc587796184e44cf89a58378141d33732f2e16ea618f,,False,,0,0,False,False
E:\AI_Project\TORGO_DATASET\F\F03\Session2\wav_arrayMic\0295.wav,0295.wav,0295,.wav,F03,dysarthric,female,Session2,True,,16000.0,1.0,14400.0,0.9,False,False,0.0,41b7fd03976b2d500721f8155597720fca47299a824cbed16387b57528e701f0,,False,,0,0,False,False
E:\AI_Project\TORGO_DATASET\F\F03\Session2\wav_arrayMic\0296.wav,0296.wav,0296,.wav,F03,dysarthric,female,Session2,True,,16000.0,1.0,16800.0,1.05,False,False,0.0,f32713ffddd3b65dbedafc7639712eff1b9511055e79d2586ded66b04a951bb1,,False,,0,0,False,False
E:\AI_Project\TORGO_DATASET\F\F03\Session2\wav_arrayMic\0297.wav,0297.wav,0297,.wav,F03,dysarthric,female,Session2,True,,16000.0,1.0,16800.0,1.05,False,False,0.0,b4598e0f71104b7b878a1d05212453f582c93e679b1fff04acc02ad60aac54dc,,False,,0,0,False,False
E:\AI_Project\TORGO_DATASET\F\F03\Session2\wav_arrayMic\0298.wav,0298.wav,0298,.wav,F03,dysarthric,female,Session2,True,,16000.0,1.0,14400.0,0.9,False,False,0.0,d9e15a01559009648bcd5e83c72df553b755844b3ccbe96112a210e978b11032,,False,,0,0,False,False
E:\AI_Project\TORGO_DATASET\F\F03\Session2\wav_arrayMic\0299.wav,0299.wav,0299,.wav,F03,dysarthric,female,Session2,True,,16000.0,1.0,50400.0,3.15,False,False,0.0,5eac31ba5412ec4c2b639ecebd93606329a950859acd4c519a55ea3e5ec65fbd,,False,,0,0,False,False
E:\AI_Project\TORGO_DATASET\F\F03\Session2\wav_arrayMic\0300.wav,0300.wav,0300,.wav,F03,dysarthric,female,Session2,True,,16000.0,1.0,16800.0,1.05,False,False,0.0,5458b53a7f3eb8b1c63733f0192b3f6315122573f26fa8d3988f585d60aadac3,,False,,0,0,False,False
E:\AI_Project\TORGO_DATASET\F\F03\Session2\wav_arrayMic\0301.wav,0301.wav,0301,.wav,F03,dysarthric,female,Session2,True,,16000.0,1.0,14400.0,0.9,False,False,0.0,fa09292ea5e7f8fdcfe3e74146375556cb9335c306911ad55c09a17bde98d205,,False,,0,0,False,False
E:\AI_Project\TORGO_DATASET\F\F03\Session2\wav_arrayMic\0302.wav,0302.wav,0302,.wav,F03,dysarthric,female,Session2,True,,16000.0,1.0,31200.0,1.95,False,False,0.0,939ea166e0645fc3b576ca75e0c55869064df7237a7748e6734301fc061785b5,,False,,0,0,False,False
E:\AI_Project\TORGO_DATASET\F\F03\Session2\wav_arrayMic\0303.wav,0303.wav,0303,.wav,F03,dysarthric,female,Session2,True,,16000.0,1.0,64800.0,4.05,False,False,0.0,cfe7d9353c7022c77a29665ee3a5762ee02e6a22bedeb2d1ff4247ab7d368757,,False,,0,0,False,False
E:\AI_Project\TORGO_DATASET\F\F03\Session2\wav_arrayMic\0304.wav,0304.wav,0304,.wav,F03,dysarthric,female,Session2,True,,16000.0,1.0,33600.0,2.1,False,False,0.0,411ac7f3f5dbd2f334b53edd5e9564291ca1c63e74bf02e82c490b8d20034e4c,,False,,0,0,False,False
E:\AI_Project\TORGO_DATASET\F\F03\Session2\wav_arrayMic\0305.wav,0305.wav,0305,.wav,F03,dysarthric,female,Session2,True,,16000.0,1.0,19200.0,1.2,False,False,0.0,23d7c5577588a2dc3bd6317d815f7ad3f58dc60519611a8099b86d1f5ca6eacf,,False,,0,0,False,False
E:\AI_Project\TORGO_DATASET\F\F03\Session2\wav_arrayMic\0306.wav,0306.wav,0306,.wav,F03,dysarthric,female,Session2,True,,16000.0,1.0,26400.0,1.65,False,False,0.0,74f3898530f167e7efa439bfd5429718a72df416330097fd34f50c3898617bef,,False,,0,0,False,False
E:\AI_Project\TORGO_DATASET\F\F03\Session2\wav_arrayMic\0307.wav,0307.wav,0307,.wav,F03,dysarthric,female,Session2,True,,16000.0,1.0,36000.0,2.25,False,False,0.0,b6c2d432f2cd270b820a7cdbfb1a6dbf6b4be6a6f2f359d91b17daa62a95e640,,False,,0,0,False,False
E:\AI_Project\TORGO_DATASET\F\F03\Session2\wav_arrayMic\0308.wav,0308.wav,0308,.wav,F03,dysarthric,female,Session2,True,,16000.0,1.0,24000.0,1.5,False,False,0.0,bce3be5ae3603afb86187127b3267c39b7e770c438fc186c7c5aedb99d5fd790,,False,,0,0,False,False
E:\AI_Project\TORGO_DATASET\F\F03\Session2\wav_arrayMic\0309.wav,0309.wav,0309,.wav,F03,dysarthric,female,Session2,True,,16000.0,1.0,21600.0,1.35,False,False,0.0,c3e6d4aa6d44d7f86afc2fca83a57271827e082b6f945b5d5902fead296744aa,,False,,0,0,False,False
E:\AI_Project\TORGO_DATASET\F\F03\Session2\wav_arrayMic\0310.wav,0310.wav,0310,.wav,F03,dysarthric,female,Session2,True,,16000.0,1.0,19200.0,1.2,False,False,0.0,1e8bd56a69c2f7bcc3b9b09198042c6769315326ce9238385b05987fb0bc3916,,False,,0,0,False,False
E:\AI_Project\TORGO_DATASET\F\F03\Session2\wav_arrayMic\0311.wav,0311.wav,0311,.wav,F03,dysarthric,female,Session2,True,,16000.0,1.0,16800.0,1.05,False,False,0.0,310e9adc5ca1fb1df67457390ee10dd94e375167a66c5a7fc135d29803cb0238,,False,,0,0,False,False
E:\AI_Project\TORGO_DATASET\F\F03\Session2\wav_arrayMic\0312.wav,0312.wav,0312,.wav,F03,dysarthric,female,Session2,True,,16000.0,1.0,79200.0,4.95,False,False,0.0,91c85710a0041fd928a4bbc029218c86f8948445d512d88b320a78d02ee22278,,False,,0,0,False,False
E:\AI_Project\TORGO_DATASET\F\F03\Session2\wav_arrayMic\0313.wav,0313.wav,0313,.wav,F03,dysarthric,female,Session2,True,,16000.0,1.0,48000.0,3.0,False,False,0.0,9b0fd104d17d3a69b4bbefa799271535010606b37c10f492b2eb486c341e2eef,,False,,0,0,False,False
E:\AI_Project\TORGO_DATASET\F\F03\Session2\wav_arrayMic\0314.wav,0314.wav,0314,.wav,F03,dysarthric,female,Session2,True,,16000.0,1.0,28800.0,1.8,False,False,0.0,a1ca06dd10666a71960803a7bef3fce38901f2c894d7647be7e2f3810a637cf9,,False,,0,0,False,False
E:\AI_Project\TORGO_DATASET\F\F03\Session2\wav_arrayMic\0315.wav,0315.wav,0315,.wav,F03,dysarthric,female,Session2,True,,16000.0,1.0,21600.0,1.35,False,False,0.0,b2516a9fb6e096fa7db9535cd047639b5c69d4147905d3a55253b057f8dd1671,,False,,0,0,False,False
E:\AI_Project\TORGO_DATASET\F\F03\Session2\wav_arrayMic\0316.wav,0316.wav,0316,.wav,F03,dysarthric,female,Session2,True,,16000.0,1.0,16800.0,1.05,False,False,0.0,3c51c725234ce2bf32910d1e1fbff12946038106474ba7fbd35e467b2ea332a0,,False,,0,0,False,False
E:\AI_Project\TORGO_DATASET\F\F03\Session2\wav_arrayMic\0317.wav,0317.wav,0317,.wav,F03,dysarthric,female,Session2,True,,16000.0,1.0,19200.0,1.2,False,False,0.0,689cb12c1800d570276ebd0639cbedfd520e8d1bc8bf54078e0b9f75f0c967f0,,False,,0,0,False,False
E:\AI_Project\TORGO_DATASET\F\F03\Session2\wav_arrayMic\0318.wav,0318.wav,0318,.wav,F03,dysarthric,female,Session2,True,,16000.0,1.0,19200.0,1.2,False,False,0.0,1ec28935c28d826c328d35a6276f13dc201471ba3c046353bf54b216bad5be58,,False,,0,0,False,False
E:\AI_Project\TORGO_DATASET\F\F03\Session2\wav_arrayMic\0319.wav,0319.wav,0319,.wav,F03,dysarthric,female,Session2,True,,16000.0,1.0,21600.0,1.35,False,False,0.0,17f2cab42112df78a336db189362cfd0047a30e75d7aa437e2161a497cbb885a,,False,,0,0,False,False
E:\AI_Project\TORGO_DATASET\F\F03\Session2\wav_arrayMic\0320.wav,0320.wav,0320,.wav,F03,dysarthric,female,Session2,True,,16000.0,1.0,12000.0,0.75,False,False,0.0,67cbb7be5a11aa65de75c2c290299063bfab9422546ed3e5d26e68af73859e08,,False,,0,0,False,False
E:\AI_Project\TORGO_DATASET\F\F03\Session2\wav_arrayMic\0321.wav,0321.wav,0321,.wav,F03,dysarthric,female,Session2,True,,16000.0,1.0,24000.0,1.5,False,False,0.0,a22dd0b1962c6f2c128c665b7347f6e3651a323579bfde583681cb4d850830b0,,False,,0,0,False,False
E:\AI_Project\TORGO_DATASET\F\F03\Session2\wav_arrayMic\0322.wav,0322.wav,0322,.wav,F03,dysarthric,female,Session2,True,,16000.0,1.0,21600.0,1.35,False,False,0.0,c7c813aa5df5783b5beb069a86390d34c41ed166349a1892e327a481d3d4ead0,,False,,0,0,False,False
E:\AI_Project\TORGO_DATASET\F\F03\Session2\wav_arrayMic\0323.wav,0323.wav,0323,.wav,F03,dysarthric,female,Session2,True,,16000.0,1.0,14400.0,0.9,False,False,0.0,d8045ab41feef2ddf947354b89f33622b71625317befaa627b697abcba1cc6d8,,False,,0,0,False,False
E:\AI_Project\TORGO_DATASET\F\F03\Session2\wav_arrayMic\0324.wav,0324.wav,0324,.wav,F03,dysarthric,female,Session2,True,,16000.0,1.0,33600.0,2.1,False,False,0.0,11acff0ddc83a818d5643061a61d02752b2fc25f02afae4cc0769aecb0f8b877,,False,,0,0,False,False
E:\AI_Project\TORGO_DATASET\F\F03\Session2\wav_arrayMic\0325.wav,0325.wav,0325,.wav,F03,dysarthric,female,Session2,True,,16000.0,1.0,21600.0,1.35,False,False,0.0,fdab8633e0dc2370096c9e7fc7e620e4bc36f6df207f0e2fc3d21f77f4effd77,,False,,0,0,False,False
E:\AI_Project\TORGO_DATASET\F\F03\Session2\wav_arrayMic\0326.wav,0326.wav,0326,.wav,F03,dysarthric,female,Session2,True,,16000.0,1.0,24000.0,1.5,False,False,0.0,a70ba3ca3caf3db29ac1a5a676e8ad07abcdf0c5cf203da12f84acd4009a5b92,,False,,0,0,False,False
E:\AI_Project\TORGO_DATASET\F\F03\Session2\wav_arrayMic\0327.wav,0327.wav,0327,.wav,F03,dysarthric,female,Session2,True,,16000.0,1.0,14861.0,0.9288125,False,False,0.0,c0ffceb3802aadf83a830e38e3d3a6623fa84b74e4a543da9a61415f35b4d1e0,,False,,0,0,False,False
E:\AI_Project\TORGO_DATASET\F\F03\Session2\wav_arrayMic\0328.wav,0328.wav,0328,.wav,F03,dysarthric,female,Session2,True,,16000.0,1.0,57600.0,3.6,False,False,0.0,ecc8e75bd856c8143da65ad7bb9fdcf43e3d166d9cc972b301dc4f73da578eb0,,False,,0,0,False,False
E:\AI_Project\TORGO_DATASET\F\F03\Session2\wav_arrayMic\0329.wav,0329.wav,0329,.wav,F03,dysarthric,female,Session2,True,,16000.0,1.0,31200.0,1.95,False,False,0.0,f532431156848cb83b7b805118eabd1e07019cb1f8501e71954ff054b4d6746c,,False,,0,0,False,False
E:\AI_Project\TORGO_DATASET\F\F03\Session2\wav_arrayMic\0330.wav,0330.wav,0330,.wav,F03,dysarthric,female,Session2,True,,16000.0,1.0,76800.0,4.8,False,False,0.0,97981bc623f0a2e0b521479ad821f6da023a4cde7c96a6e3688a7b72b4a5dec8,,False,,0,0,False,False
E:\AI_Project\TORGO_DATASET\F\F03\Session2\wav_arrayMic\0331.wav,0331.wav,0331,.wav,F03,dysarthric,female,Session2,True,,16000.0,1.0,55200.0,3.45,False,False,0.0,b635fdc0511396051d7f7f2d0536b412fe2d91139df91f09b01ce097b3f5e68b,,False,,0,0,False,False
E:\AI_Project\TORGO_DATASET\F\F03\Session2\wav_arrayMic\0332.wav,0332.wav,0332,.wav,F03,dysarthric,female,Session2,True,,16000.0,1.0,16800.0,1.05,False,False,0.0,b4e5ffcb21fbd46db44df2a6c208fda42347546bc0fcc54278d8096710b6cc51,,False,,0,0,False,False
E:\AI_Project\TORGO_DATASET\F\F03\Session2\wav_arrayMic\0333.wav,0333.wav,0333,.wav,F03,dysarthric,female,Session2,True,,16000.0,1.0,21600.0,1.35,False,False,0.0,c85530c918c5bb2def3543f233f1804c9cadb8ec465dc87fc7d2cad217ab2f9e,,False,,0,0,False,False
E:\AI_Project\TORGO_DATASET\F\F03\Session2\wav_arrayMic\0334.wav,0334.wav,0334,.wav,F03,dysarthric,female,Session2,True,,16000.0,1.0,50400.0,3.15,False,False,0.0,372c083512a7b3b38bd55081ed3d430684f9f9737de42abb138a708564a0aa4a,,False,,0,0,False,False
E:\AI_Project\TORGO_DATASET\F\F03\Session2\wav_arrayMic\0335.wav,0335.wav,0335,.wav,F03,dysarthric,female,Session2,True,,16000.0,1.0,16800.0,1.05,False,False,0.0,f84ac315e3ae4150b959db2ca76f734d16aebd3d91445c9b5601b4c9906f012e,,False,,0,0,False,False
E:\AI_Project\TORGO_DATASET\F\F03\Session2\wav_arrayMic\0336.wav,0336.wav,0336,.wav,F03,dysarthric,female,Session2,True,,16000.0,1.0,21600.0,1.35,False,False,0.0,32dc3b21de685ac97fbd107d76d6d3a7d97fc0f52cb4385cd94cd3b80e2e4aba,,False,,0,0,False,False
E:\AI_Project\TORGO_DATASET\F\F03\Session2\wav_arrayMic\0337.wav,0337.wav,0337,.wav,F03,dysarthric,female,Session2,True,,16000.0,1.0,19200.0,1.2,False,False,0.0,4963f1f2aaae768910281e038d6af62a70401eecfd6a6bc32a790e07704ec4d7,,False,,0,0,False,False
E:\AI_Project\TORGO_DATASET\F\F03\Session2\wav_arrayMic\0338.wav,0338.wav,0338,.wav,F03,dysarthric,female,Session2,True,,16000.0,1.0,19200.0,1.2,False,False,0.0,74a5ce42df846935230808a27e8d123d90b2d3660e5745b9c9669941d2d4c92f,,False,,0,0,False,False
E:\AI_Project\TORGO_DATASET\F\F03\Session2\wav_arrayMic\0339.wav,0339.wav,0339,.wav,F03,dysarthric,female,Session2,True,,16000.0,1.0,48000.0,3.0,False,False,0.0,ea8039aa0bc22c1a319777bc2624648858bd3c5b827c3867353bfcaf2d0545f3,,False,,0,0,False,False
E:\AI_Project\TORGO_DATASET\F\F03\Session2\wav_arrayMic\0340.wav,0340.wav,0340,.wav,F03,dysarthric,female,Session2,True,,16000.0,1.0,14400.0,0.9,False,False,0.0,f160c0f9449e93e7869181fa80247d042336489e4c44fb93c41e536241271b7f,,False,,0,0,False,False
E:\AI_Project\TORGO_DATASET\F\F03\Session2\wav_arrayMic\0341.wav,0341.wav,0341,.wav,F03,dysarthric,female,Session2,True,,16000.0,1.0,19200.0,1.2,False,False,0.0,698dbfbb092d9d0e3e1c98ae36d63afd834566afa785fa71754407493793f7d1,,False,,0,0,False,False
E:\AI_Project\TORGO_DATASET\F\F03\Session2\wav_arrayMic\0342.wav,0342.wav,0342,.wav,F03,dysarthric,female,Session2,True,,16000.0,1.0,16800.0,1.05,False,False,0.0,b3e953fad6ed3008deb4b46b56bc418f8511bd22d2d62cf9e3c615dbd72f9d50,,False,,0,0,False,False
E:\AI_Project\TORGO_DATASET\F\F03\Session2\wav_arrayMic\0343.wav,0343.wav,0343,.wav,F03,dysarthric,female,Session2,True,,16000.0,1.0,9600.0,0.6,False,False,0.0,23e24987a66f00fb1eb78db9f4983f00ee010e2e83e1c92a47f47495618a2532,,False,,0,0,False,False
E:\AI_Project\TORGO_DATASET\F\F03\Session2\wav_arrayMic\0344.wav,0344.wav,0344,.wav,F03,dysarthric,female,Session2,True,,16000.0,1.0,60000.0,3.75,False,False,0.0,e02a81bbc852da8b87e5dfcc8023706ecbe7a8fa0c995d6ea2491ced0019b5e5,,False,,0,0,False,False
E:\AI_Project\TORGO_DATASET\F\F03\Session2\wav_arrayMic\0345.wav,0345.wav,0345,.wav,F03,dysarthric,female,Session2,True,,16000.0,1.0,24000.0,1.5,False,False,0.0,7e067d38eb128fcbeb2e53059a62cbeef4554d67653b0d910babb235f7dd2832,,False,,0,0,False,False
E:\AI_Project\TORGO_DATASET\F\F03\Session2\wav_arrayMic\0346.wav,0346.wav,0346,.wav,F03,dysarthric,female,Session2,True,,16000.0,1.0,21600.0,1.35,False,False,0.0,461ca182e3275323fa8fb82ce03433f2eaf7f44aa7c1f0e8c0d10e9215ee86cc,,False,,0,0,False,False
E:\AI_Project\TORGO_DATASET\F\F03\Session2\wav_arrayMic\0347.wav,0347.wav,0347,.wav,F03,dysarthric,female,Session2,True,,16000.0,1.0,26400.0,1.65,False,False,0.0,cae9adc78845686b65ce41d4949b2fea02d4654381973c7faf8b3a7d3c680124,,False,,0,0,False,False
E:\AI_Project\TORGO_DATASET\F\F03\Session2\wav_arrayMic\0348.wav,0348.wav,0348,.wav,F03,dysarthric,female,Session2,True,,16000.0,1.0,72000.0,4.5,False,False,0.0,14e88d6678a11828a25ce0bd1a357e7a032efdfba2690fc69426a8324d230a95,,False,,0,0,False,False
E:\AI_Project\TORGO_DATASET\F\F03\Session2\wav_arrayMic\0349.wav,0349.wav,0349,.wav,F03,dysarthric,female,Session2,True,,16000.0,1.0,48000.0,3.0,False,False,0.0,a6a1858557f8cdc1d1c5ed6c27808ba12ad991ed7c9b3b22590ad1428140edc4,,False,,0,0,False,False
E:\AI_Project\TORGO_DATASET\F\F03\Session2\wav_arrayMic\0350.wav,0350.wav,0350,.wav,F03,dysarthric,female,Session2,True,,16000.0,1.0,7200.0,0.45,False,False,0.0,a7105c315520f11d40bab4e2184bf9229b253786cd1d25093e40551c0ea09b90,,False,,0,0,False,False
E:\AI_Project\TORGO_DATASET\F\F03\Session2\wav_arrayMic\0351.wav,0351.wav,0351,.wav,F03,dysarthric,female,Session2,True,,16000.0,1.0,19200.0,1.2,False,False,0.0,1516067b0116833bba7b14ebb7b182520d211147c33801b3d09b0c72a6434e08,,False,,0,0,False,False
E:\AI_Project\TORGO_DATASET\F\F03\Session2\wav_arrayMic\0352.wav,0352.wav,0352,.wav,F03,dysarthric,female,Session2,True,,16000.0,1.0,16800.0,1.05,False,False,0.0,062b1cc608e182845ccf9c536c0301f91b1adf8e9bd2fd587455f4577a1c114e,,False,,0,0,False,False
E:\AI_Project\TORGO_DATASET\F\F03\Session2\wav_arrayMic\0353.wav,0353.wav,0353,.wav,F03,dysarthric,female,Session2,True,,16000.0,1.0,48000.0,3.0,False,False,0.0,aa22b4ac14414ee2ba6f8fa41172f438a846e1275303b71b3a02770e0b734c67,,False,,0,0,False,False
E:\AI_Project\TORGO_DATASET\F\F03\Session2\wav_arrayMic\0354.wav,0354.wav,0354,.wav,F03,dysarthric,female,Session2,True,,16000.0,1.0,38400.0,2.4,False,False,0.0,eeaf44882cf34297a66be34b38d57f357738f7fd1d220a3f2bf6c56c62066d63,,False,,0,0,False,False
E:\AI_Project\TORGO_DATASET\F\F03\Session2\wav_arrayMic\0355.wav,0355.wav,0355,.wav,F03,dysarthric,female,Session2,True,,16000.0,1.0,16800.0,1.05,False,False,0.0,eee939d8da9ad83cfb619e1f56b632cf2d9389e7d669f9d096ed3ae2cfddb096,,False,,0,0,False,False
E:\AI_Project\TORGO_DATASET\F\F03\Session2\wav_arrayMic\0356.wav,0356.wav,0356,.wav,F03,dysarthric,female,Session2,True,,16000.0,1.0,31200.0,1.95,False,False,0.0,34144e697df56cf8635275d030008ce17cdc62423d2a470160320bd0c2a98ec8,,False,,0,0,False,False
E:\AI_Project\TORGO_DATASET\F\F03\Session2\wav_arrayMic\0357.wav,0357.wav,0357,.wav,F03,dysarthric,female,Session2,True,,16000.0,1.0,16800.0,1.05,False,False,0.0,282e05a97f33dda86cf18ff5f6cc106ffb34bd7b7c14601527a0b74ca7b65ed9,,False,,0,0,False,False
E:\AI_Project\TORGO_DATASET\F\F03\Session2\wav_arrayMic\0358.wav,0358.wav,0358,.wav,F03,dysarthric,female,Session2,True,,16000.0,1.0,19200.0,1.2,False,False,0.0,9c21a61edc01f49762459f7a3e6bf5ad6c6c5c97faee0d4fbe717262535b5743,,False,,0,0,False,False
E:\AI_Project\TORGO_DATASET\F\F03\Session2\wav_arrayMic\0359.wav,0359.wav,0359,.wav,F03,dysarthric,female,Session2,True,,16000.0,1.0,24000.0,1.5,False,False,0.0,c93c529ad63d3d0f881f97d00526dcba0fae6b71720a9953771e2844055bd804,,False,,0,0,False,False
E:\AI_Project\TORGO_DATASET\F\F03\Session2\wav_arrayMic\0360.wav,0360.wav,0360,.wav,F03,dysarthric,female,Session2,True,,16000.0,1.0,31200.0,1.95,False,False,0.0,61e18c9319f5d3d963739469614f120b1a1cdc3d33c028c9868786e9d7ba5842,,False,,0,0,False,False
E:\AI_Project\TORGO_DATASET\F\F03\Session2\wav_arrayMic\0361.wav,0361.wav,0361,.wav,F03,dysarthric,female,Session2,True,,16000.0,1.0,21600.0,1.35,False,False,0.0,652a951bdca6f624b92ccb94c6feb49e52d7495f69268221c46a3a05b6f9a28e,,False,,0,0,False,False
E:\AI_Project\TORGO_DATASET\F\F03\Session2\wav_arrayMic\0362.wav,0362.wav,0362,.wav,F03,dysarthric,female,Session2,True,,16000.0,1.0,21600.0,1.35,False,False,0.0,28edefa72e3ac1317f65eb443fdf1f60eee7eb6b833c9a846d0db0af0ac5d30f,,False,,0,0,False,False
E:\AI_Project\TORGO_DATASET\F\F03\Session2\wav_arrayMic\0363.wav,0363.wav,0363,.wav,F03,dysarthric,female,Session2,True,,16000.0,1.0,50400.0,3.15,False,False,0.0,18a4294fde42c1de56a881ac34c1665209413237da73e37fca293117c98a1e5c,,False,,0,0,False,False
E:\AI_Project\TORGO_DATASET\F\F03\Session2\wav_arrayMic\0364.wav,0364.wav,0364,.wav,F03,dysarthric,female,Session2,True,,16000.0,1.0,19200.0,1.2,False,False,0.0,bb5f445addd54d3482df63e4be0f37428710c5d53941d699dce571ba25da287d,,False,,0,0,False,False
E:\AI_Project\TORGO_DATASET\F\F03\Session2\wav_arrayMic\0365.wav,0365.wav,0365,.wav,F03,dysarthric,female,Session2,True,,16000.0,1.0,19200.0,1.2,False,False,0.0,d72aea2a7aea3abbd56a42e0064535f9b02c6d33fc4f9b114cb9f47804c1f33a,,False,,0,0,False,False
E:\AI_Project\TORGO_DATASET\F\F03\Session2\wav_arrayMic\0366.wav,0366.wav,0366,.wav,F03,dysarthric,female,Session2,True,,16000.0,1.0,14400.0,0.9,False,False,0.0,fcf0357902a80318e4c1ff6aaf31f997afe635aa047bd4e493a4271198287c18,,False,,0,0,False,False
E:\AI_Project\TORGO_DATASET\F\F03\Session2\wav_arrayMic\0367.wav,0367.wav,0367,.wav,F03,dysarthric,female,Session2,True,,16000.0,1.0,24000.0,1.5,False,False,0.0,ebb57acd2e70e62e0a86db5186f4b85141db8859f48b85be61e5b3d2d0cb5ffa,,False,,0,0,False,False
E:\AI_Project\TORGO_DATASET\F\F03\Session2\wav_arrayMic\0368.wav,0368.wav,0368,.wav,F03,dysarthric,female,Session2,True,,16000.0,1.0,16800.0,1.05,False,False,0.0,3f8a24085c07d5f86759553f55f34b12fc4979caec7b7385f3d4d6f62be94a6a,,False,,0,0,False,False
E:\AI_Project\TORGO_DATASET\F\F03\Session2\wav_arrayMic\0369.wav,0369.wav,0369,.wav,F03,dysarthric,female,Session2,True,,16000.0,1.0,12000.0,0.75,False,False,0.0,9466faa508b879e012e1a993ca901101d61a0bc2f8c2dc45e749042fe2474b67,,False,,0,0,False,False
E:\AI_Project\TORGO_DATASET\F\F03\Session2\wav_arrayMic\0370.wav,0370.wav,0370,.wav,F03,dysarthric,female,Session2,True,,16000.0,1.0,21600.0,1.35,False,False,0.0,ee70a0cdc4626f594a49fe3be15bc3659d7a966519c840f25d8847b1614961e2,,False,,0,0,False,False
E:\AI_Project\TORGO_DATASET\F\F03\Session2\wav_arrayMic\0371.wav,0371.wav,0371,.wav,F03,dysarthric,female,Session2,True,,16000.0,1.0,21600.0,1.35,False,False,0.0,a2a992a022fce24c54b236ea9d5307bf501378f472b80c08c558ef6ef9226d6b,,False,,0,0,False,False
E:\AI_Project\TORGO_DATASET\F\F03\Session2\wav_arrayMic\0372.wav,0372.wav,0372,.wav,F03,dysarthric,female,Session2,True,,16000.0,1.0,14400.0,0.9,False,False,0.0,55d143ad985640445fd26076f40104a9f824b4823ec36420854503095cc0ad38,,False,,0,0,False,False
E:\AI_Project\TORGO_DATASET\F\F03\Session2\wav_arrayMic\0373.wav,0373.wav,0373,.wav,F03,dysarthric,female,Session2,True,,16000.0,1.0,52800.0,3.3,False,False,0.0,55b4b9f15598e161ccc8afdfa78ebc421d6282280546aadc04eb31417d5f94e0,,False,,0,0,False,False
E:\AI_Project\TORGO_DATASET\F\F03\Session2\wav_arrayMic\0374.wav,0374.wav,0374,.wav,F03,dysarthric,female,Session2,True,,16000.0,1.0,21600.0,1.35,False,False,0.0,6a19b7f15c7f2f3bb29e5d00426d0edbd6f53f82326dd79776092b5e449b3941,,False,,0,0,False,False
E:\AI_Project\TORGO_DATASET\F\F03\Session2\wav_arrayMic\0375.wav,0375.wav,0375,.wav,F03,dysarthric,female,Session2,True,,16000.0,1.0,33600.0,2.1,False,False,0.0,2e9e7f6ed98cd4a18f78ca03b07815694e84d60716bd0d3c2f87e2ca337408f7,,False,,0,0,False,False
E:\AI_Project\TORGO_DATASET\F\F03\Session2\wav_arrayMic\0376.wav,0376.wav,0376,.wav,F03,dysarthric,female,Session2,True,,16000.0,1.0,62400.0,3.9,False,False,0.0,bb3cbe36dcf1c1b799488158bd7eefab938ea7d231e317c46ed7d5643c580cd9,,False,,0,0,False,False
E:\AI_Project\TORGO_DATASET\F\F03\Session2\wav_arrayMic\0377.wav,0377.wav,0377,.wav,F03,dysarthric,female,Session2,True,,16000.0,1.0,50400.0,3.15,False,False,0.0,f60125c46eee368cedd9c94cf256bd6b6a8d8577d765538ed66fffaffc6cbcd5,,False,,0,0,False,False
E:\AI_Project\TORGO_DATASET\F\F03\Session2\wav_arrayMic\0378.wav,0378.wav,0378,.wav,F03,dysarthric,female,Session2,True,,16000.0,1.0,14400.0,0.9,False,False,0.0,5fd08866cb412b4085605d083340f95855ee0c1365ef509e37c418ccdb17c1b0,,False,,0,0,False,False
E:\AI_Project\TORGO_DATASET\F\F03\Session2\wav_arrayMic\0379.wav,0379.wav,0379,.wav,F03,dysarthric,female,Session2,True,,16000.0,1.0,16800.0,1.05,False,False,0.0,2f5f7e7f4e5e582698127f2ea281ffa75c3c72c168cb2fe4cf13ef4b051bca9f,,False,,0,0,False,False
E:\AI_Project\TORGO_DATASET\F\F03\Session2\wav_arrayMic\0380.wav,0380.wav,0380,.wav,F03,dysarthric,female,Session2,True,,16000.0,1.0,19200.0,1.2,False,False,0.0,077c0ad92bd857e1ff8fde96dc5fa077821691df329d056c9b5144325c115440,,False,,0,0,False,False
E:\AI_Project\TORGO_DATASET\F\F03\Session2\wav_arrayMic\0381.wav,0381.wav,0381,.wav,F03,dysarthric,female,Session2,True,,16000.0,1.0,55200.0,3.45,False,False,0.0,baee3272a554d3be73feeafcaaf8473e51f2e967cb3ceba4c233316286a8f62e,,False,,0,0,False,False
E:\AI_Project\TORGO_DATASET\F\F03\Session2\wav_arrayMic\0382.wav,0382.wav,0382,.wav,F03,dysarthric,female,Session2,True,,16000.0,1.0,16800.0,1.05,False,False,0.0,16b2ac25cc95ad1ed3ce21382084dd8e4bc0cb425ee04c19c30becb95cbe41b7,,False,,0,0,False,False
E:\AI_Project\TORGO_DATASET\F\F03\Session2\wav_arrayMic\0383.wav,0383.wav,0383,.wav,F03,dysarthric,female,Session2,True,,16000.0,1.0,19200.0,1.2,False,False,0.0,98845467ffcdf1aba7473c764e8ff1dfb562b2c53b1b36f594ce81adf9afcd50,,False,,0,0,False,False
E:\AI_Project\TORGO_DATASET\F\F03\Session2\wav_arrayMic\0384.wav,0384.wav,0384,.wav,F03,dysarthric,female,Session2,True,,16000.0,1.0,16800.0,1.05,False,False,0.0,ea48de8bee86b52def29bf15ded3310d05f2d6ec2bcafb9c1cffd188de500680,,False,,0,0,False,False
E:\AI_Project\TORGO_DATASET\F\F03\Session2\wav_arrayMic\0385.wav,0385.wav,0385,.wav,F03,dysarthric,female,Session2,True,,16000.0,1.0,64800.0,4.05,False,False,0.0,df03b80ab196b31b6c9dc290df71598e62ec1d4ff7168ce354ae933261958ffb,,False,,0,0,False,False
E:\AI_Project\TORGO_DATASET\F\F03\Session2\wav_arrayMic\0386.wav,0386.wav,0386,.wav,F03,dysarthric,female,Session2,True,,16000.0,1.0,21600.0,1.35,False,False,0.0,dedc7f2256e14dc11120c356b0f8e42da62b71ee2eea4b1cdda0293b14aa1d2d,,False,,0,0,False,False
E:\AI_Project\TORGO_DATASET\F\F03\Session2\wav_arrayMic\0387.wav,0387.wav,0387,.wav,F03,dysarthric,female,Session2,True,,16000.0,1.0,16800.0,1.05,False,False,0.0,971167f32fdc732d3c7011d308f86387b110708595505bb8467c4526417215ff,,False,,0,0,False,False
E:\AI_Project\TORGO_DATASET\F\F03\Session2\wav_arrayMic\0388.wav,0388.wav,0388,.wav,F03,dysarthric,female,Session2,True,,16000.0,1.0,14400.0,0.9,False,False,0.0,b4950196b85c6b7cb925a7410db1a28f776a68b4b4cf7dd08ced91fb7931dfd3,,False,,0,0,False,False
E:\AI_Project\TORGO_DATASET\F\F03\Session2\wav_arrayMic\0389.wav,0389.wav,0389,.wav,F03,dysarthric,female,Session2,True,,16000.0,1.0,12000.0,0.75,False,False,0.0,18651665c6875c0d005017487e126386b162b2c6c960cc8406495ebcddcd25a9,,False,,0,0,False,False
E:\AI_Project\TORGO_DATASET\F\F03\Session2\wav_arrayMic\0390.wav,0390.wav,0390,.wav,F03,dysarthric,female,Session2,True,,16000.0,1.0,38400.0,2.4,False,False,0.0,8e7c1a06956a5d2b9600f20c0124f0d1e8a633b98c3ca1540fb9fb9820d05cef,,False,,0,0,False,False
E:\AI_Project\TORGO_DATASET\F\F03\Session2\wav_arrayMic\0391.wav,0391.wav,0391,.wav,F03,dysarthric,female,Session2,True,,16000.0,1.0,16800.0,1.05,False,False,0.0,41b30ab6e1cea0e336a09391ae386ab3514346b64b8ff83ecae9197c40fb8608,,False,,0,0,False,False
E:\AI_Project\TORGO_DATASET\F\F03\Session2\wav_arrayMic\0392.wav,0392.wav,0392,.wav,F03,dysarthric,female,Session2,True,,16000.0,1.0,24000.0,1.5,False,False,0.0,6c3fac29caf05af0d16cd2d0291661b63340067a5d2d920902654866ddcd3976,,False,,0,0,False,False
E:\AI_Project\TORGO_DATASET\F\F03\Session2\wav_arrayMic\0393.wav,0393.wav,0393,.wav,F03,dysarthric,female,Session2,True,,16000.0,1.0,16800.0,1.05,False,False,0.0,8dcf257c736702347a0a87e396d4c016d8d5f445230317ae8e19995ffb64c547,,False,,0,0,False,False
E:\AI_Project\TORGO_DATASET\F\F03\Session2\wav_arrayMic\0394.wav,0394.wav,0394,.wav,F03,dysarthric,female,Session2,True,,16000.0,1.0,14400.0,0.9,False,False,0.0,24ed571e9a86612a97aa18ee15f1aa0c9811b3b8eca26c43e0b8cdb50876d58b,,False,,0,0,False,False
E:\AI_Project\TORGO_DATASET\F\F03\Session2\wav_arrayMic\0395.wav,0395.wav,0395,.wav,F03,dysarthric,female,Session2,True,,16000.0,1.0,19200.0,1.2,False,False,0.0,dce531b903c358d7834580b6c6ae54196e899c2a677e0cbfdbe6ede91843b258,,False,,0,0,False,False
E:\AI_Project\TORGO_DATASET\F\F03\Session2\wav_arrayMic\0396.wav,0396.wav,0396,.wav,F03,dysarthric,female,Session2,True,,16000.0,1.0,19200.0,1.2,False,False,0.0,c7e39f60f430bff9dcc136a1b3a1a7214972740d53d374d0aa3fd5f7df382c27,,False,,0,0,False,False
E:\AI_Project\TORGO_DATASET\F\F03\Session2\wav_arrayMic\0397.wav,0397.wav,0397,.wav,F03,dysarthric,female,Session2,True,,16000.0,1.0,24000.0,1.5,False,False,0.0,dd8436eaba92b3703147282bfbcd8dd124b3626fe710cf31d23d4ee504945e4c,,False,,0,0,False,False
E:\AI_Project\TORGO_DATASET\F\F03\Session2\wav_arrayMic\0398.wav,0398.wav,0398,.wav,F03,dysarthric,female,Session2,True,,16000.0,1.0,14400.0,0.9,False,False,0.0,9e3457da3bc3d424f9b95d1cc9ca0d8ec7774e183fb6e647f027ec1415920564,,False,,0,0,False,False
E:\AI_Project\TORGO_DATASET\F\F03\Session2\wav_arrayMic\0399.wav,0399.wav,0399,.wav,F03,dysarthric,female,Session2,True,,16000.0,1.0,19200.0,1.2,False,False,0.0,dbdbe4c2ca986c56be067eebf0636ebc9546bbb305f16d8a4285d79c2b556570,,False,,0,0,False,False
E:\AI_Project\TORGO_DATASET\F\F03\Session2\wav_arrayMic\0400.wav,0400.wav,0400,.wav,F03,dysarthric,female,Session2,True,,16000.0,1.0,16800.0,1.05,False,False,0.0,a69d13dbf6439e17e2b92cbdd248ee8e29c2e4d37e8fb22bffcf87e9a6690c18,,False,,0,0,False,False
E:\AI_Project\TORGO_DATASET\F\F03\Session2\wav_arrayMic\0401.wav,0401.wav,0401,.wav,F03,dysarthric,female,Session2,True,,16000.0,1.0,16800.0,1.05,False,False,0.0,bddf5f8e4f0143bba3ecaf1560cd89ede0ef31ba8570a9f425f1df482dc203a7,,False,,0,0,False,False
E:\AI_Project\TORGO_DATASET\F\F03\Session2\wav_arrayMic\0402.wav,0402.wav,0402,.wav,F03,dysarthric,female,Session2,True,,16000.0,1.0,14400.0,0.9,False,False,0.0,ff035b276f263a4e5afb0891f0e8f9809ef06bfe464784fdc051f9f077a3c0a8,,False,,0,0,False,False
E:\AI_Project\TORGO_DATASET\F\F03\Session2\wav_arrayMic\0403.wav,0403.wav,0403,.wav,F03,dysarthric,female,Session2,True,,16000.0,1.0,16800.0,1.05,False,False,0.0,d2d485e8a95d2d205f3f1e279fc2feab45216b75c4fa0a161029a3b3a05ba3ec,,False,,0,0,False,False
E:\AI_Project\TORGO_DATASET\F\F03\Session2\wav_arrayMic\0404.wav,0404.wav,0404,.wav,F03,dysarthric,female,Session2,True,,16000.0,1.0,14400.0,0.9,False,False,0.0,6b62f7342ad882caf748ebf49dc0405ebe3ebb815f052ad37ffd4fdf5f280857,,False,,0,0,False,False
E:\AI_Project\TORGO_DATASET\F\F03\Session2\wav_arrayMic\0405.wav,0405.wav,0405,.wav,F03,dysarthric,female,Session2,True,,16000.0,1.0,14400.0,0.9,False,False,0.0,113ddb20c7252c02177dbc7e210e3ef3d3a9053165c883aa78943b8cee5c1879,,False,,0,0,False,False
E:\AI_Project\TORGO_DATASET\F\F03\Session2\wav_arrayMic\0406.wav,0406.wav,0406,.wav,F03,dysarthric,female,Session2,True,,16000.0,1.0,16800.0,1.05,False,False,0.0,abe040e82bba7ee6456e96945ea6ccccec26ee4e4a7599f18dbd1d99bb716278,,False,,0,0,False,False
E:\AI_Project\TORGO_DATASET\F\F03\Session2\wav_arrayMic\0407.wav,0407.wav,0407,.wav,F03,dysarthric,female,Session2,True,,16000.0,1.0,16800.0,1.05,False,False,0.0,a49a16484df25d32ca74ccfba2ba7185e35653a93d0683ee62398178d0534e73,,False,,0,0,False,False
E:\AI_Project\TORGO_DATASET\F\F03\Session2\wav_arrayMic\0408.wav,0408.wav,0408,.wav,F03,dysarthric,female,Session2,True,,16000.0,1.0,19200.0,1.2,False,False,0.0,2a9ab6198158ba1fe04175e1c625aa608e012ce010bc2b455a4036ace8c18c61,,False,,0,0,False,False
E:\AI_Project\TORGO_DATASET\F\F03\Session2\wav_arrayMic\0409.wav,0409.wav,0409,.wav,F03,dysarthric,female,Session2,True,,16000.0,1.0,33600.0,2.1,False,False,0.0,e38b55470a93799ba9aeb0567e5ad546bbdfc496e33d9590297a7d2ce9639789,,False,,0,0,False,False
E:\AI_Project\TORGO_DATASET\F\F03\Session2\wav_arrayMic\0410.wav,0410.wav,0410,.wav,F03,dysarthric,female,Session2,True,,16000.0,1.0,55200.0,3.45,False,False,0.0,7c7424a1ad5b85a9fb5400a485db45908ea0f94562362f9acffe19f2d7f2a92d,,False,,0,0,False,False
E:\AI_Project\TORGO_DATASET\F\F03\Session2\wav_arrayMic\0411.wav,0411.wav,0411,.wav,F03,dysarthric,female,Session2,True,,16000.0,1.0,16800.0,1.05,False,False,0.0,b6e2b4fe75662452b27055705b2816343f898b0f08b4d2c0270d063dead155a0,,False,,0,0,False,False
E:\AI_Project\TORGO_DATASET\F\F03\Session2\wav_arrayMic\0412.wav,0412.wav,0412,.wav,F03,dysarthric,female,Session2,True,,16000.0,1.0,14400.0,0.9,False,False,0.0,8b901f1b2064a903ac43c1f57b0fe597ebac7eec79c87df50422b4689506a6f8,,False,,0,0,False,False
E:\AI_Project\TORGO_DATASET\F\F03\Session2\wav_arrayMic\0413.wav,0413.wav,0413,.wav,F03,dysarthric,female,Session2,True,,16000.0,1.0,60000.0,3.75,False,False,0.0,b4c51fb4b199f48ddee252d9859f9a93ad6855da330c483e1ae9cb5c7e383608,,False,,0,0,False,False
E:\AI_Project\TORGO_DATASET\F\F03\Session2\wav_arrayMic\0414.wav,0414.wav,0414,.wav,F03,dysarthric,female,Session2,True,,16000.0,1.0,194400.0,12.15,False,False,0.0,4ff68ea6b4fefc196af23e14068fbab5f7258965f4c6452c60e6dd7f96c29745,,False,,0,0,False,False
E:\AI_Project\TORGO_DATASET\F\F03\Session2\wav_arrayMic\0415.wav,0415.wav,0415,.wav,F03,dysarthric,female,Session2,True,,16000.0,1.0,48000.0,3.0,False,False,0.0,bde3ef2e457bde0b36407d02711c7542f6b40053d37f2c7cd4142b8a39012041,,False,,0,0,False,False
E:\AI_Project\TORGO_DATASET\F\F03\Session2\wav_arrayMic\0416.wav,0416.wav,0416,.wav,F03,dysarthric,female,Session2,True,,16000.0,1.0,16800.0,1.05,False,False,0.0,60908d73cd1cce4fbd3bf5cc0fc40aa40a8fb27b84d0d2d67c49ed914d474c5c,,False,,0,0,False,False
E:\AI_Project\TORGO_DATASET\F\F03\Session2\wav_arrayMic\0417.wav,0417.wav,0417,.wav,F03,dysarthric,female,Session2,True,,16000.0,1.0,16800.0,1.05,False,False,0.0,80d1c8e81dd2b0b48dbe845eb5d535af7d0ff2744ef696c9f504f36ad24037ce,,False,,0,0,False,False
E:\AI_Project\TORGO_DATASET\F\F03\Session2\wav_arrayMic\0418.wav,0418.wav,0418,.wav,F03,dysarthric,female,Session2,True,,16000.0,1.0,16800.0,1.05,False,False,0.0,82ffe0fa2cc2c1099c29a69f6ea43ede9e1f911a69de5a15c5585b9c1ca64f4e,,False,,0,0,False,False
E:\AI_Project\TORGO_DATASET\F\F03\Session2\wav_arrayMic\0419.wav,0419.wav,0419,.wav,F03,dysarthric,female,Session2,True,,16000.0,1.0,19200.0,1.2,False,False,0.0,02e0caa75f5ad16c2a837d910131c1498785b523690e369cf6534cdf52cb7f1f,,False,,0,0,False,False
E:\AI_Project\TORGO_DATASET\F\F03\Session2\wav_arrayMic\0420.wav,0420.wav,0420,.wav,F03,dysarthric,female,Session2,True,,16000.0,1.0,16800.0,1.05,False,False,0.0,e2f8805d05e80966779fd05f91e15d969da5b89b8213c76a61b25c1434b9115d,,False,,0,0,False,False
E:\AI_Project\TORGO_DATASET\F\F03\Session2\wav_arrayMic\0421.wav,0421.wav,0421,.wav,F03,dysarthric,female,Session2,True,,16000.0,1.0,28800.0,1.8,False,False,0.0,bcff0db4096571d74e7abf19f0f067f86c1495b276a478c7f03b3067087f1e86,,False,,0,0,False,False
E:\AI_Project\TORGO_DATASET\F\F03\Session2\wav_arrayMic\0422.wav,0422.wav,0422,.wav,F03,dysarthric,female,Session2,True,,16000.0,1.0,16800.0,1.05,False,False,0.0,c24800d076bb755af39d89667f33feb8bc7f4c049dd917419bb9e887e6556384,,False,,0,0,False,False
E:\AI_Project\TORGO_DATASET\F\F03\Session2\wav_arrayMic\0423.wav,0423.wav,0423,.wav,F03,dysarthric,female,Session2,True,,16000.0,1.0,14400.0,0.9,False,False,0.0,c8f94b30750c3f4cc60d742879a24b914e08adead0cfceb65f6649f103ac4c03,,False,,0,0,False,False
E:\AI_Project\TORGO_DATASET\F\F03\Session2\wav_arrayMic\0424.wav,0424.wav,0424,.wav,F03,dysarthric,female,Session2,True,,16000.0,1.0,48000.0,3.0,False,False,0.0,fb22120e9b5889f6e7894b2ca0df25cb5a15cefe31edf32af3a2b6dcb9e3e203,,False,,0,0,False,False
E:\AI_Project\TORGO_DATASET\F\F03\Session2\wav_arrayMic\0425.wav,0425.wav,0425,.wav,F03,dysarthric,female,Session2,True,,16000.0,1.0,21600.0,1.35,False,False,0.0,7037874c4f0162870dbd94ccf08f4fa1b477bce401f815b0f37e38662ace067c,,False,,0,0,False,False
E:\AI_Project\TORGO_DATASET\F\F03\Session2\wav_arrayMic\0426.wav,0426.wav,0426,.wav,F03,dysarthric,female,Session2,True,,16000.0,1.0,19200.0,1.2,False,False,0.0,fcdfed41692177bf5f6f7d21694230c1fe68d5ebceacd971edc003d62cf13989,,False,,0,0,False,False
E:\AI_Project\TORGO_DATASET\F\F03\Session2\wav_arrayMic\0427.wav,0427.wav,0427,.wav,F03,dysarthric,female,Session2,True,,16000.0,1.0,21600.0,1.35,False,False,0.0,8ee56350db92af356d417c4608db8284bddd631146b4df8413c91df84c52028b,,False,,0,0,False,False
E:\AI_Project\TORGO_DATASET\F\F03\Session2\wav_arrayMic\0428.wav,0428.wav,0428,.wav,F03,dysarthric,female,Session2,True,,16000.0,1.0,21600.0,1.35,False,False,0.0,4ad57d2ddaf79953bd32f755825d88e64e9c0b8cd3cba021b83d386d990eac9f,,False,,0,0,False,False
E:\AI_Project\TORGO_DATASET\F\F03\Session2\wav_arrayMic\0429.wav,0429.wav,0429,.wav,F03,dysarthric,female,Session2,True,,16000.0,1.0,19200.0,1.2,False,False,0.0,790253fe940ef44ab7b438c9c5c292aeb71e5bbec85063ead12380bcac5fafad,,False,,0,0,False,False
E:\AI_Project\TORGO_DATASET\F\F03\Session2\wav_arrayMic\0430.wav,0430.wav,0430,.wav,F03,dysarthric,female,Session2,True,,16000.0,1.0,19319.0,1.2074375,False,False,0.0,b7db703038587778542dce81896a5383b657cf1ad2c7f67e88d71c5d493c7c28,,False,,0,0,False,False
E:\AI_Project\TORGO_DATASET\F\F03\Session2\wav_arrayMic\0431.wav,0431.wav,0431,.wav,F03,dysarthric,female,Session2,True,,16000.0,1.0,40800.0,2.55,False,False,0.0,dd77fda9a1a8b6e78bd7b370bd4081916160705258a4ffd7a4cb8bf8dc9d05ca,,False,,0,0,False,False
E:\AI_Project\TORGO_DATASET\F\F03\Session2\wav_arrayMic\0432.wav,0432.wav,0432,.wav,F03,dysarthric,female,Session2,True,,16000.0,1.0,43200.0,2.7,False,False,0.0,c61f0f13b1344a55d6c5090b0a679f3f0540d4608cd04f378b42a81da6d126c4,,False,,0,0,False,False
E:\AI_Project\TORGO_DATASET\F\F03\Session2\wav_arrayMic\0433.wav,0433.wav,0433,.wav,F03,dysarthric,female,Session2,True,,16000.0,1.0,19200.0,1.2,False,False,0.0,40c2d34d290b5ec7900ba64205d467050d3c92a2858fb3a3873e833c2c18f3da,,False,,0,0,False,False
E:\AI_Project\TORGO_DATASET\F\F03\Session2\wav_arrayMic\0434.wav,0434.wav,0434,.wav,F03,dysarthric,female,Session2,True,,16000.0,1.0,24000.0,1.5,False,False,0.0,48cb7d9ea6b46a81d4ef666dc7520efa01919ffca59c031ab6ec203522c99d7c,,False,,0,0,False,False
E:\AI_Project\TORGO_DATASET\F\F03\Session2\wav_arrayMic\0435.wav,0435.wav,0435,.wav,F03,dysarthric,female,Session2,True,,16000.0,1.0,19200.0,1.2,False,False,0.0,7669e87b4c25fd695e65a77baef40a355f40981340785014c6b1e03d8e6997e4,,False,,0,0,False,False
E:\AI_Project\TORGO_DATASET\F\F03\Session2\wav_arrayMic\0436.wav,0436.wav,0436,.wav,F03,dysarthric,female,Session2,True,,16000.0,1.0,16800.0,1.05,False,False,0.0,cbc8841f2f83bacc33635c6bb64d261d5613dab049d10fdbb4b368e0df754a7b,,False,,0,0,False,False
E:\AI_Project\TORGO_DATASET\F\F03\Session2\wav_arrayMic\0437.wav,0437.wav,0437,.wav,F03,dysarthric,female,Session2,True,,16000.0,1.0,14400.0,0.9,False,False,0.0,71518549e99d60cfa05ea950344357aaea04ab6e7704b714916d35b58cb11049,,False,,0,0,False,False
E:\AI_Project\TORGO_DATASET\F\F03\Session2\wav_arrayMic\0438.wav,0438.wav,0438,.wav,F03,dysarthric,female,Session2,True,,16000.0,1.0,62400.0,3.9,False,False,0.0,7f70a8eebc39076b7d528c63e9e677377042abeb018c5fdc9871f7c7cfcbf02d,,False,,0,0,False,False
E:\AI_Project\TORGO_DATASET\F\F03\Session2\wav_arrayMic\0439.wav,0439.wav,0439,.wav,F03,dysarthric,female,Session2,True,,16000.0,1.0,24000.0,1.5,False,False,0.0,f5fe28252657d3baffac0f78d66191a317eeae1dec593774e08065e945214ac9,,False,,0,0,False,False
E:\AI_Project\TORGO_DATASET\F\F03\Session2\wav_arrayMic\0440.wav,0440.wav,0440,.wav,F03,dysarthric,female,Session2,True,,16000.0,1.0,14400.0,0.9,False,False,0.0,501a8ffbdbae494e6d769977ca4cf629ada1ba09d197fd53300d79a9f5104a22,,False,,0,0,False,False
E:\AI_Project\TORGO_DATASET\F\F03\Session2\wav_arrayMic\0441.wav,0441.wav,0441,.wav,F03,dysarthric,female,Session2,True,,16000.0,1.0,14400.0,0.9,False,False,0.0,198d808e560acf024a3deeb316cb6aac7c5986067b287b9bfa28a2804009f677,,False,,0,0,False,False
E:\AI_Project\TORGO_DATASET\F\F03\Session2\wav_arrayMic\0442.wav,0442.wav,0442,.wav,F03,dysarthric,female,Session2,True,,16000.0,1.0,14400.0,0.9,False,False,0.0,23af5a53f01ad3468fd539ce79ab06fd991f23f42f7ed382b6a85248bebfccdc,,False,,0,0,False,False
E:\AI_Project\TORGO_DATASET\F\F03\Session2\wav_arrayMic\0443.wav,0443.wav,0443,.wav,F03,dysarthric,female,Session2,True,,16000.0,1.0,12000.0,0.75,False,False,0.0,0492f1308536a361f4b2281adc0b472b1838a7ed768e37bacff50d4d1bd46173,,False,,0,0,False,False
E:\AI_Project\TORGO_DATASET\F\F03\Session2\wav_arrayMic\0444.wav,0444.wav,0444,.wav,F03,dysarthric,female,Session2,True,,16000.0,1.0,31200.0,1.95,False,False,0.0,2b178d2f5088d0b34c5c81950d778d139abfc9c58596d138ee8a232fc6c19d28,,False,,0,0,False,False
E:\AI_Project\TORGO_DATASET\F\F03\Session3\wav_arrayMic\0061.wav,0061.wav,0061,.wav,F03,dysarthric,female,Session3,True,,16000.0,1.0,26400.0,1.65,False,False,0.0,b8923411ee68e6b1f7846f650d91a9e23c74e228634e428bc6beae2c56e9c24a,E:\AI_Project\TORGO_DATASET\F\F03\Session3\prompts\0061.txt,True,fork,4,1,True,False
E:\AI_Project\TORGO_DATASET\F\F03\Session3\wav_arrayMic\0062.wav,0062.wav,0062,.wav,F03,dysarthric,female,Session3,True,,16000.0,1.0,26400.0,1.65,False,False,0.0,b8923411ee68e6b1f7846f650d91a9e23c74e228634e428bc6beae2c56e9c24a,E:\AI_Project\TORGO_DATASET\F\F03\Session3\prompts\0062.txt,True,cork,4,1,True,False
E:\AI_Project\TORGO_DATASET\F\F03\Session3\wav_arrayMic\0148.wav,0148.wav,0148,.wav,F03,dysarthric,female,Session3,False,,16000.0,1.0,2400.0,0.15,False,True,0.0,49db59724b99f9c773989fed9e1e1839017e27d7b56484fb4e5aa4053a7f524b,E:\AI_Project\TORGO_DATASET\F\F03\Session3\prompts\0148.txt,True,shoot,5,1,False,False
E:\AI_Project\TORGO_DATASET\FC\FC01\Session1\wav_arrayMic\0165.wav,0165.wav,0165,.wav,FC01,control,female,Session1,True,,16000.0,1.0,26400.0,1.65,False,False,0.0,83df8223f140fee7494890b0327dcdca840d9de7d37db67b91523d00b969ad5f,,False,,0,0,False,False
E:\AI_Project\TORGO_DATASET\FC\FC01\Session1\wav_arrayMic\0166.wav,0166.wav,0166,.wav,FC01,control,female,Session1,True,,16000.0,1.0,43200.0,2.7,False,False,0.0,5fb09749e6e391ec0ea9ccafab4ddfad095c8b130c8079f116709e7881a559d9,,False,,0,0,False,False
E:\AI_Project\TORGO_DATASET\FC\FC01\Session1\wav_arrayMic\0167.wav,0167.wav,0167,.wav,FC01,control,female,Session1,True,,16000.0,1.0,45600.0,2.85,False,False,0.0,b2c6678b729c449cb2292ebea6d6a7251520b75cfad54b5f8960bd5c53155917,,False,,0,0,False,False
E:\AI_Project\TORGO_DATASET\FC\FC01\Session1\wav_arrayMic\0168.wav,0168.wav,0168,.wav,FC01,control,female,Session1,True,,16000.0,1.0,38400.0,2.4,False,False,0.0,6bbab75bb46989374237e556796caf7606c5a8d8ace0eb777bddcbed96aa94e2,,False,,0,0,False,False
E:\AI_Project\TORGO_DATASET\FC\FC01\Session1\wav_arrayMic\0169.wav,0169.wav,0169,.wav,FC01,control,female,Session1,True,,16000.0,1.0,43200.0,2.7,False,False,0.0,6b02e9349620363ba280ca7dedc616a18d6ffb3425a4712347774f690e52a532,,False,,0,0,False,False
E:\AI_Project\TORGO_DATASET\FC\FC01\Session1\wav_arrayMic\0170.wav,0170.wav,0170,.wav,FC01,control,female,Session1,True,,16000.0,1.0,50400.0,3.15,False,False,0.0,e3c402c931cc98126d71d0ae1d5edd9cb1d77e8e2f88d4508b521bee2836ed01,,False,,0,0,False,False
E:\AI_Project\TORGO_DATASET\FC\FC01\Session1\wav_arrayMic\0171.wav,0171.wav,0171,.wav,FC01,control,female,Session1,True,,16000.0,1.0,48000.0,3.0,False,False,0.0,a9d708456c357e548a9216ec5fefb35c131220684b384e9329afe79c8d42ee7f,,False,,0,0,False,False
E:\AI_Project\TORGO_DATASET\FC\FC01\Session1\wav_arrayMic\0172.wav,0172.wav,0172,.wav,FC01,control,female,Session1,True,,16000.0,1.0,40800.0,2.55,False,False,0.0,769602336bbb6025b32542fd835ebc786e992eb0e59e7693c8a02c47e2281449,,False,,0,0,False,False
E:\AI_Project\TORGO_DATASET\FC\FC01\Session1\wav_arrayMic\0173.wav,0173.wav,0173,.wav,FC01,control,female,Session1,True,,16000.0,1.0,36000.0,2.25,False,False,0.0,f53b4b78c0cc218e372b4bc571c32039eeb32e99d6f169f20099baacf0bdee4f,,False,,0,0,False,False
E:\AI_Project\TORGO_DATASET\FC\FC01\Session1\wav_arrayMic\0174.wav,0174.wav,0174,.wav,FC01,control,female,Session1,True,,16000.0,1.0,74400.0,4.65,False,False,0.0,60f7b7076ab106f16be99145755cc8868bb528fe77c56cc9c86a57042c88f07b,,False,,0,0,False,False
E:\AI_Project\TORGO_DATASET\FC\FC01\Session1\wav_arrayMic\0175.wav,0175.wav,0175,.wav,FC01,control,female,Session1,True,,16000.0,1.0,24000.0,1.5,False,False,0.0,4dd6ce894435607c39386f65aedfe96037236140733396b3f535b71c80ce3ed5,,False,,0,0,False,False
E:\AI_Project\TORGO_DATASET\FC\FC01\Session1\wav_arrayMic\0176.wav,0176.wav,0176,.wav,FC01,control,female,Session1,True,,16000.0,1.0,52800.0,3.3,False,False,0.0,c65c11b873b8bc6257f2f8b4318a1ce8ab7a6f0d7ca65e9db69e2fc1c3ef0acc,,False,,0,0,False,False
E:\AI_Project\TORGO_DATASET\FC\FC01\Session1\wav_arrayMic\0177.wav,0177.wav,0177,.wav,FC01,control,female,Session1,True,,16000.0,1.0,50400.0,3.15,False,False,0.0,05e71d331b1d3c35f5e4234bb50b609e9d00d60e779310ea8541796eb1a3c0ee,,False,,0,0,False,False
E:\AI_Project\TORGO_DATASET\FC\FC01\Session1\wav_arrayMic\0178.wav,0178.wav,0178,.wav,FC01,control,female,Session1,True,,16000.0,1.0,48000.0,3.0,False,False,0.0,4db0151853b1cb8b27624b348fc6e5c7bfd698ea4c558054d81c46dfd4130aad,,False,,0,0,False,False
E:\AI_Project\TORGO_DATASET\FC\FC01\Session1\wav_arrayMic\0179.wav,0179.wav,0179,.wav,FC01,control,female,Session1,True,,16000.0,1.0,69600.0,4.35,False,False,0.0,626f25e4aa7f7681a3476760cc2a553b477d4bfa3555cbe80fb7ba289da9ca99,,False,,0,0,False,False
E:\AI_Project\TORGO_DATASET\FC\FC01\Session1\wav_arrayMic\0180.wav,0180.wav,0180,.wav,FC01,control,female,Session1,True,,16000.0,1.0,43200.0,2.7,False,False,0.0,44064312fda480894d9ede8f1686605a4b57b223b82bbddb383e974624add51a,,False,,0,0,False,False
E:\AI_Project\TORGO_DATASET\FC\FC01\Session1\wav_arrayMic\0181.wav,0181.wav,0181,.wav,FC01,control,female,Session1,True,,16000.0,1.0,67200.0,4.2,False,False,0.0,2e5716358fe107f4196afa63e50a9e991bec41d676d85026d270bee988143088,,False,,0,0,False,False
E:\AI_Project\TORGO_DATASET\FC\FC01\Session1\wav_arrayMic\0182.wav,0182.wav,0182,.wav,FC01,control,female,Session1,True,,16000.0,1.0,43200.0,2.7,False,False,0.0,f94d9520ef92f6faf89fc32e61e2ce7f4aa6e81954d6dfc2dc1bc14b80331781,,False,,0,0,False,False
E:\AI_Project\TORGO_DATASET\FC\FC01\Session1\wav_arrayMic\0183.wav,0183.wav,0183,.wav,FC01,control,female,Session1,True,,16000.0,1.0,43200.0,2.7,False,False,0.0,11f618050cfca65ccb56f477aea1cf8dbfd8c46a0e59ffe7dc744f86e14c0d46,,False,,0,0,False,False
E:\AI_Project\TORGO_DATASET\FC\FC01\Session1\wav_arrayMic\0184.wav,0184.wav,0184,.wav,FC01,control,female,Session1,True,,16000.0,1.0,52800.0,3.3,False,False,0.0,02a4333732eca7e1c247c28cca6b712b61c6ef09b707e5e9a2c5c94dd6e3a801,,False,,0,0,False,False
E:\AI_Project\TORGO_DATASET\FC\FC01\Session1\wav_arrayMic\0185.wav,0185.wav,0185,.wav,FC01,control,female,Session1,True,,16000.0,1.0,43200.0,2.7,False,False,0.0,8348a773cf79f6f73d7794f37862bdeac723118ff6536ded2232723c08f68442,,False,,0,0,False,False
E:\AI_Project\TORGO_DATASET\FC\FC01\Session1\wav_arrayMic\0186.wav,0186.wav,0186,.wav,FC01,control,female,Session1,True,,16000.0,1.0,76800.0,4.8,False,False,0.0,e4aaae12a9564c0c24d34a0fb4e659c90fe513a52caacc172c619dfd31fa5e22,,False,,0,0,False,False
E:\AI_Project\TORGO_DATASET\FC\FC01\Session1\wav_arrayMic\0187.wav,0187.wav,0187,.wav,FC01,control,female,Session1,True,,16000.0,1.0,36000.0,2.25,False,False,0.0,0ebe9e5b78881825a562c8b7f8394d1f9ea55f38268c8f5c9a02a523fd3f9cb0,,False,,0,0,False,False
E:\AI_Project\TORGO_DATASET\FC\FC01\Session1\wav_arrayMic\0188.wav,0188.wav,0188,.wav,FC01,control,female,Session1,True,,16000.0,1.0,64800.0,4.05,False,False,0.0,c74fae1e43d68ec9c533343413df3ed086196d6b991366746323344e67e93571,,False,,0,0,False,False
E:\AI_Project\TORGO_DATASET\FC\FC01\Session1\wav_arrayMic\0189.wav,0189.wav,0189,.wav,FC01,control,female,Session1,True,,16000.0,1.0,45600.0,2.85,False,False,0.0,e836d41fd3a0dd6966e34d3c106b2335b166c20edf7590f14e8f83fce1da37df,,False,,0,0,False,False
E:\AI_Project\TORGO_DATASET\FC\FC01\Session1\wav_arrayMic\0190.wav,0190.wav,0190,.wav,FC01,control,female,Session1,True,,16000.0,1.0,74400.0,4.65,False,False,0.0,22c667943f6fb6938cbe6f5811d0f0fcba6d160c8968dfa0422391b9a999f685,,False,,0,0,False,False
E:\AI_Project\TORGO_DATASET\FC\FC01\Session1\wav_arrayMic\0191.wav,0191.wav,0191,.wav,FC01,control,female,Session1,True,,16000.0,1.0,69600.0,4.35,False,False,0.0,98d4edee3979248b85dbdad382f848e01ad36f48875ee01547cfed4c903c69ac,,False,,0,0,False,False
E:\AI_Project\TORGO_DATASET\FC\FC01\Session1\wav_arrayMic\0192.wav,0192.wav,0192,.wav,FC01,control,female,Session1,True,,16000.0,1.0,72000.0,4.5,False,False,0.0,a3868d51158110d75a74290f9d904d227ddcca937f6a27d917d5a0259fcd84a4,,False,,0,0,False,False
E:\AI_Project\TORGO_DATASET\FC\FC01\Session1\wav_arrayMic\0193.wav,0193.wav,0193,.wav,FC01,control,female,Session1,True,,16000.0,1.0,55200.0,3.45,False,False,0.0,2c5ff619c64a2dab8aed17589b1987150765aa9647ec6dddead25b6d054b8dee,,False,,0,0,False,False
E:\AI_Project\TORGO_DATASET\FC\FC01\Session1\wav_arrayMic\0194.wav,0194.wav,0194,.wav,FC01,control,female,Session1,True,,16000.0,1.0,62400.0,3.9,False,False,0.0,228d8a8d9e89b624be2af806a3587e38a11d5f3161c5e316576483fe13fc3b0d,,False,,0,0,False,False
E:\AI_Project\TORGO_DATASET\FC\FC01\Session1\wav_arrayMic\0195.wav,0195.wav,0195,.wav,FC01,control,female,Session1,True,,16000.0,1.0,40800.0,2.55,False,False,0.0,eb3d9b558b0869678cfb981c4bf5790eb578d1eb0bc03b68c6a6666f492a11e5,,False,,0,0,False,False
E:\AI_Project\TORGO_DATASET\FC\FC01\Session1\wav_arrayMic\0196.wav,0196.wav,0196,.wav,FC01,control,female,Session1,True,,16000.0,1.0,64800.0,4.05,False,False,0.0,0e3df5b83e8bf9e4974ee3ca078d25e1bc52b1c3173727aab1c618cadfde9ce6,,False,,0,0,False,False
E:\AI_Project\TORGO_DATASET\FC\FC01\Session1\wav_arrayMic\0197.wav,0197.wav,0197,.wav,FC01,control,female,Session1,True,,16000.0,1.0,57600.0,3.6,False,False,0.0,e5c6662e4dbb2c8e9373001339448a450c08d79252abcae6a7e806cb5b0adef4,,False,,0,0,False,False
E:\AI_Project\TORGO_DATASET\FC\FC01\Session1\wav_arrayMic\0198.wav,0198.wav,0198,.wav,FC01,control,female,Session1,True,,16000.0,1.0,50400.0,3.15,False,False,0.0,2ae44d0d83340b118a25057b08943f11bc5ee7f3c4955d478802795b2ac72543,,False,,0,0,False,False
E:\AI_Project\TORGO_DATASET\FC\FC01\Session1\wav_arrayMic\0199.wav,0199.wav,0199,.wav,FC01,control,female,Session1,True,,16000.0,1.0,72000.0,4.5,False,False,0.0,92b7e431371e6ba7dce97031cc3517655fc516098af978602cd1938d31e97347,,False,,0,0,False,False
E:\AI_Project\TORGO_DATASET\FC\FC01\Session1\wav_arrayMic\0200.wav,0200.wav,0200,.wav,FC01,control,female,Session1,True,,16000.0,1.0,69600.0,4.35,False,False,0.0,31a72c42d664931af5ba78243e4c5e3ecea52ce040fbcde8a783cfa1ccd0a4a1,,False,,0,0,False,False
E:\AI_Project\TORGO_DATASET\FC\FC01\Session1\wav_arrayMic\0201.wav,0201.wav,0201,.wav,FC01,control,female,Session1,True,,16000.0,1.0,74400.0,4.65,False,False,0.0,968f94ca8fbefaf0cfa96b25ca155e9552c520945863f25eb92de3b20a20f3c7,,False,,0,0,False,False
E:\AI_Project\TORGO_DATASET\FC\FC01\Session1\wav_arrayMic\0202.wav,0202.wav,0202,.wav,FC01,control,female,Session1,True,,16000.0,1.0,100800.0,6.3,False,False,0.0,363bf9caefb4b6b01c3fde88fb5c20ee1ecd1a18f6960da29289def2457659cc,,False,,0,0,False,False
E:\AI_Project\TORGO_DATASET\FC\FC01\Session1\wav_arrayMic\0203.wav,0203.wav,0203,.wav,FC01,control,female,Session1,True,,16000.0,1.0,40800.0,2.55,False,False,0.0,0df83fc8dab0b9bedac7dd262edba4636ccc97556826b6984dc36aace8443796,,False,,0,0,False,False
E:\AI_Project\TORGO_DATASET\FC\FC01\Session1\wav_arrayMic\0204.wav,0204.wav,0204,.wav,FC01,control,female,Session1,True,,16000.0,1.0,62400.0,3.9,False,False,0.0,e461764eddbd60ca2fe2de87537ee6888dfa969f11036017222b650b39143fa5,,False,,0,0,False,False
E:\AI_Project\TORGO_DATASET\FC\FC01\Session1\wav_arrayMic\0205.wav,0205.wav,0205,.wav,FC01,control,female,Session1,True,,16000.0,1.0,45600.0,2.85,False,False,0.0,58c33c0d94158d2d8af10b2c6455f6b1993d678af22457c9e8da446acbca82ab,,False,,0,0,False,False
E:\AI_Project\TORGO_DATASET\FC\FC01\Session1\wav_arrayMic\0206.wav,0206.wav,0206,.wav,FC01,control,female,Session1,True,,16000.0,1.0,146400.0,9.15,False,False,0.0,9adc7be0cac96bd57dbb532f74c20db01def044e243eb221905d8b7233469ede,,False,,0,0,False,False
E:\AI_Project\TORGO_DATASET\FC\FC01\Session1\wav_arrayMic\0207.wav,0207.wav,0207,.wav,FC01,control,female,Session1,True,,16000.0,1.0,72000.0,4.5,False,False,0.0,d90b72d804e2bb0ef75054e026f24a07e8a14312e9b19b52856a21ac15506bad,,False,,0,0,False,False
E:\AI_Project\TORGO_DATASET\FC\FC01\Session1\wav_arrayMic\0208.wav,0208.wav,0208,.wav,FC01,control,female,Session1,True,,16000.0,1.0,48000.0,3.0,False,False,0.0,832c97a11c47cb0517c3cd2be6eee65701eb93f7d25f2851b5a10b6eb39b8f1f,,False,,0,0,False,False
E:\AI_Project\TORGO_DATASET\FC\FC01\Session1\wav_arrayMic\0209.wav,0209.wav,0209,.wav,FC01,control,female,Session1,True,,16000.0,1.0,76800.0,4.8,False,False,0.0,b08695b430f8d89f14ace012a0b7350a8cf41a55cfab8a768362a5a810af4221,,False,,0,0,False,False
E:\AI_Project\TORGO_DATASET\FC\FC01\Session1\wav_arrayMic\0210.wav,0210.wav,0210,.wav,FC01,control,female,Session1,True,,16000.0,1.0,38400.0,2.4,False,False,0.0,61d04eec6f8ec2cd637338bca9453fe2e3f7b3dcb60dd4f13ddd152dd04f5e30,,False,,0,0,False,False
E:\AI_Project\TORGO_DATASET\FC\FC01\Session1\wav_arrayMic\0211.wav,0211.wav,0211,.wav,FC01,control,female,Session1,True,,16000.0,1.0,62400.0,3.9,False,False,0.0,8af71c04285eda0181d8b666fc29df665b937ef3f17c6ec0a3c05dc234f87fc0,,False,,0,0,False,False
E:\AI_Project\TORGO_DATASET\FC\FC01\Session1\wav_arrayMic\0212.wav,0212.wav,0212,.wav,FC01,control,female,Session1,True,,16000.0,1.0,50400.0,3.15,False,False,0.0,c91f208f0e63fc48cc6ff81369d4054758272a409072b5a3e160a5ca70d7e87e,,False,,0,0,False,False
E:\AI_Project\TORGO_DATASET\FC\FC01\Session1\wav_arrayMic\0213.wav,0213.wav,0213,.wav,FC01,control,female,Session1,True,,16000.0,1.0,45600.0,2.85,False,False,0.0,97aef0f4cd143a6bf3e3b1f1753709628b4f52e11c5790de56cbdd117ed2c5e5,,False,,0,0,False,False
E:\AI_Project\TORGO_DATASET\FC\FC01\Session1\wav_arrayMic\0214.wav,0214.wav,0214,.wav,FC01,control,female,Session1,True,,16000.0,1.0,45600.0,2.85,False,False,0.0,38208ffc9a420dd62e8a70363c2fef68b603aafb305060dcc583eba2306336bd,,False,,0,0,False,False
E:\AI_Project\TORGO_DATASET\FC\FC01\Session1\wav_arrayMic\0215.wav,0215.wav,0215,.wav,FC01,control,female,Session1,True,,16000.0,1.0,45600.0,2.85,False,False,0.0,2985272732a7a3d5f87b934dc1593169c039a6909dee37fbc4f43b866ac23675,,False,,0,0,False,False
E:\AI_Project\TORGO_DATASET\FC\FC01\Session1\wav_arrayMic\0216.wav,0216.wav,0216,.wav,FC01,control,female,Session1,True,,16000.0,1.0,28800.0,1.8,False,False,0.0,dc6e85b2fc6406514bcdf1a35fb49870080edf92e599a49597234ee2094eb01d,,False,,0,0,False,False
E:\AI_Project\TORGO_DATASET\FC\FC01\Session1\wav_arrayMic\0217.wav,0217.wav,0217,.wav,FC01,control,female,Session1,True,,16000.0,1.0,43200.0,2.7,False,False,0.0,5a67f36f05536eaa9d18daf810b73e92eed374e076f1334b2ad901685b8ffffc,,False,,0,0,False,False
E:\AI_Project\TORGO_DATASET\FC\FC01\Session1\wav_arrayMic\0218.wav,0218.wav,0218,.wav,FC01,control,female,Session1,True,,16000.0,1.0,43200.0,2.7,False,False,0.0,b43dd5067509678628b501fa35c2cb82db5fbea723373815a41a58e5286e2a63,,False,,0,0,False,False
E:\AI_Project\TORGO_DATASET\FC\FC01\Session1\wav_arrayMic\0219.wav,0219.wav,0219,.wav,FC01,control,female,Session1,True,,16000.0,1.0,43200.0,2.7,False,False,0.0,27096eb09f386321b998e57760f543d13b3f5b6996b1b38c82d314b91cc0ac78,,False,,0,0,False,False
E:\AI_Project\TORGO_DATASET\FC\FC01\Session1\wav_arrayMic\0220.wav,0220.wav,0220,.wav,FC01,control,female,Session1,True,,16000.0,1.0,33600.0,2.1,False,False,0.0,0e29049e38b1bccacb3c1b4f18a153d5fe19425ca529e7b43528351685aa09e0,,False,,0,0,False,False
E:\AI_Project\TORGO_DATASET\FC\FC01\Session1\wav_arrayMic\0221.wav,0221.wav,0221,.wav,FC01,control,female,Session1,True,,16000.0,1.0,60000.0,3.75,False,False,0.0,2bef8cd5abe7f94b23734e46e1db8307098398c00bf9691d333a30eb823afe14,,False,,0,0,False,False
E:\AI_Project\TORGO_DATASET\FC\FC01\Session1\wav_arrayMic\0222.wav,0222.wav,0222,.wav,FC01,control,female,Session1,True,,16000.0,1.0,69600.0,4.35,False,False,0.0,d0dd2be26ecb4b3ab8e63d9a5974c252ca00ab570eea89c28736777c69286e35,,False,,0,0,False,False
E:\AI_Project\TORGO_DATASET\FC\FC01\Session1\wav_arrayMic\0223.wav,0223.wav,0223,.wav,FC01,control,female,Session1,True,,16000.0,1.0,48000.0,3.0,False,False,0.0,b1e0c7aa2c89f219e21ad23104a78cdeee4a187daaf1534a2701ff067c36d52f,,False,,0,0,False,False
E:\AI_Project\TORGO_DATASET\FC\FC01\Session1\wav_arrayMic\0224.wav,0224.wav,0224,.wav,FC01,control,female,Session1,True,,16000.0,1.0,45600.0,2.85,False,False,0.0,83da2a64bbc473aabaeb6f44cbb266af0ad3fee5a02d6167eebc39cf5e1e1792,,False,,0,0,False,False
E:\AI_Project\TORGO_DATASET\FC\FC01\Session1\wav_arrayMic\0225.wav,0225.wav,0225,.wav,FC01,control,female,Session1,True,,16000.0,1.0,40800.0,2.55,False,False,0.0,9bda8a47b726c7bea193cdcdb6040fa8d746117c7336af69d5ab28fd8af3f715,,False,,0,0,False,False
E:\AI_Project\TORGO_DATASET\FC\FC01\Session1\wav_arrayMic\0226.wav,0226.wav,0226,.wav,FC01,control,female,Session1,True,,16000.0,1.0,43200.0,2.7,False,False,0.0,42e31405e0ddfad132baa7569780149f8f27b5c6853c448a35c20c6adfcab0a8,,False,,0,0,False,False
E:\AI_Project\TORGO_DATASET\FC\FC01\Session1\wav_arrayMic\0227.wav,0227.wav,0227,.wav,FC01,control,female,Session1,True,,16000.0,1.0,43200.0,2.7,False,False,0.0,cbbd1c664b2f9d5900891891716a0d79e36151600068828cae19d7e9f6e059e0,,False,,0,0,False,False
E:\AI_Project\TORGO_DATASET\FC\FC01\Session1\wav_arrayMic\0228.wav,0228.wav,0228,.wav,FC01,control,female,Session1,True,,16000.0,1.0,50400.0,3.15,False,False,0.0,c3f6a857aab786fff633990d93a3604e5a13be25fefe5c5322f2ffde97582af3,,False,,0,0,False,False
E:\AI_Project\TORGO_DATASET\FC\FC01\Session1\wav_arrayMic\0229.wav,0229.wav,0229,.wav,FC01,control,female,Session1,True,,16000.0,1.0,50400.0,3.15,False,False,0.0,77b1d20aff482ac0e11c43a0f822e716e1efa4401611fece16c3b274547fec70,,False,,0,0,False,False
E:\AI_Project\TORGO_DATASET\FC\FC01\Session1\wav_arrayMic\0230.wav,0230.wav,0230,.wav,FC01,control,female,Session1,True,,16000.0,1.0,45600.0,2.85,False,False,0.0,ebbdd2c82c8098ac3dab821af56b16b1355936d13bfd8e48ecd58928be16332c,,False,,0,0,False,False
E:\AI_Project\TORGO_DATASET\FC\FC01\Session1\wav_arrayMic\0231.wav,0231.wav,0231,.wav,FC01,control,female,Session1,True,,16000.0,1.0,60000.0,3.75,False,False,0.0,48474af764ef960310d624b82360c2e7c944e3a4aa942130337317cc6e89cc03,,False,,0,0,False,False
E:\AI_Project\TORGO_DATASET\FC\FC01\Session1\wav_arrayMic\0232.wav,0232.wav,0232,.wav,FC01,control,female,Session1,True,,16000.0,1.0,45600.0,2.85,False,False,0.0,1db6d10ce9d2ebbe9f140c944b21ee9d9e6048d01323366562b43ca535a9e573,,False,,0,0,False,False
E:\AI_Project\TORGO_DATASET\FC\FC01\Session1\wav_arrayMic\0233.wav,0233.wav,0233,.wav,FC01,control,female,Session1,True,,16000.0,1.0,100800.0,6.3,False,False,0.0,58094fdd4ce2d0197cee3ae4944a1730c6d5f0eab3442acecf7a30c0a54999b1,,False,,0,0,False,False
E:\AI_Project\TORGO_DATASET\FC\FC01\Session1\wav_arrayMic\0234.wav,0234.wav,0234,.wav,FC01,control,female,Session1,True,,16000.0,1.0,50400.0,3.15,False,False,0.0,40b6b33c00ac1c3ed10e38415f3a61a523ec98c6e2b56a386eb6fe372d506b29,,False,,0,0,False,False
E:\AI_Project\TORGO_DATASET\FC\FC01\Session1\wav_arrayMic\0235.wav,0235.wav,0235,.wav,FC01,control,female,Session1,True,,16000.0,1.0,48000.0,3.0,False,False,0.0,c5f8b38a9b4d5dbb66ff799bbb07a01569b4156579729d36bdaa301c78b628df,,False,,0,0,False,False
E:\AI_Project\TORGO_DATASET\FC\FC01\Session1\wav_arrayMic\0236.wav,0236.wav,0236,.wav,FC01,control,female,Session1,True,,16000.0,1.0,45600.0,2.85,False,False,0.0,8fd6eb2fd2d1fdb430629a9eb8a37133c422e3ff3631d32edf30c2c4f6d73487,,False,,0,0,False,False
E:\AI_Project\TORGO_DATASET\FC\FC01\Session1\wav_arrayMic\0237.wav,0237.wav,0237,.wav,FC01,control,female,Session1,True,,16000.0,1.0,50400.0,3.15,False,False,0.0,e173acf3cae7d2d8c4b4ed4ffa42a18c76f05508825e6c33d5675820e1c6befb,,False,,0,0,False,False
E:\AI_Project\TORGO_DATASET\FC\FC01\Session1\wav_arrayMic\0238.wav,0238.wav,0238,.wav,FC01,control,female,Session1,True,,16000.0,1.0,45600.0,2.85,False,False,0.0,3bd5cbaca636dfe95f791ec34ca11a5fd8fced2ba7f64275a94746012e8c4cbe,,False,,0,0,False,False
E:\AI_Project\TORGO_DATASET\FC\FC01\Session1\wav_arrayMic\0239.wav,0239.wav,0239,.wav,FC01,control,female,Session1,True,,16000.0,1.0,74400.0,4.65,False,False,0.0,7a792596c3b5f455cd5da3002727964287956afaabc892221794c129351b3016,,False,,0,0,False,False
E:\AI_Project\TORGO_DATASET\FC\FC01\Session1\wav_arrayMic\0240.wav,0240.wav,0240,.wav,FC01,control,female,Session1,True,,16000.0,1.0,45600.0,2.85,False,False,0.0,2f16a96b19b7d3063f75f5bac0a16e101f04aa8d81921583a6a4f72ba7a63823,,False,,0,0,False,False
E:\AI_Project\TORGO_DATASET\FC\FC01\Session1\wav_arrayMic\0241.wav,0241.wav,0241,.wav,FC01,control,female,Session1,True,,16000.0,1.0,52800.0,3.3,False,False,0.0,73c20a29347e59346eaff839cc604bcc40211c3dd3990cc547dd9d613619747f,,False,,0,0,False,False
E:\AI_Project\TORGO_DATASET\FC\FC01\Session1\wav_arrayMic\0242.wav,0242.wav,0242,.wav,FC01,control,female,Session1,True,,16000.0,1.0,52800.0,3.3,False,False,0.0,87addfd387292676d67e04df60c62576b44b384978a813861c3f43c1d05ab104,,False,,0,0,False,False
E:\AI_Project\TORGO_DATASET\FC\FC01\Session1\wav_arrayMic\0243.wav,0243.wav,0243,.wav,FC01,control,female,Session1,True,,16000.0,1.0,38400.0,2.4,False,False,0.0,517dae4ce728a216cb59cd00f3acb04db065fd085080c7786d712402d4bec279,,False,,0,0,False,False
E:\AI_Project\TORGO_DATASET\FC\FC01\Session1\wav_arrayMic\0244.wav,0244.wav,0244,.wav,FC01,control,female,Session1,True,,16000.0,1.0,43200.0,2.7,False,False,0.0,be246790d7da936d4ea3a562ca202843b89d70a021d33c8fbaf1b6ac05252202,,False,,0,0,False,False
E:\AI_Project\TORGO_DATASET\FC\FC01\Session1\wav_arrayMic\0245.wav,0245.wav,0245,.wav,FC01,control,female,Session1,True,,16000.0,1.0,45600.0,2.85,False,False,0.0,00c1104011f7f2f0de577d1df7f765f098c5c7b64219b4db45b4235037c6e1ad,,False,,0,0,False,False
E:\AI_Project\TORGO_DATASET\FC\FC01\Session1\wav_arrayMic\0246.wav,0246.wav,0246,.wav,FC01,control,female,Session1,True,,16000.0,1.0,48000.0,3.0,False,False,0.0,2e6e944f1ac9ce4d82d47b117743a7c3ff36c243bc9ee0039370c373aca7b625,,False,,0,0,False,False
E:\AI_Project\TORGO_DATASET\FC\FC01\Session1\wav_arrayMic\0247.wav,0247.wav,0247,.wav,FC01,control,female,Session1,True,,16000.0,1.0,62400.0,3.9,False,False,0.0,daa61f040c971f78dd5e90ec2279b4b1a6d8cc6af1b3a3fde0b60a9eb7472cc1,,False,,0,0,False,False
E:\AI_Project\TORGO_DATASET\FC\FC01\Session1\wav_arrayMic\0248.wav,0248.wav,0248,.wav,FC01,control,female,Session1,True,,16000.0,1.0,38400.0,2.4,False,False,0.0,39c0068944beff72e2450d7c99c394e4554fe8cff512002bd4604eccd0d763a2,,False,,0,0,False,False
E:\AI_Project\TORGO_DATASET\FC\FC01\Session1\wav_arrayMic\0249.wav,0249.wav,0249,.wav,FC01,control,female,Session1,True,,16000.0,1.0,40800.0,2.55,False,False,0.0,90293cdf4a7e41e6ba851f3a3fa8847832638409dd2a2219f374296247baf554,,False,,0,0,False,False
E:\AI_Project\TORGO_DATASET\FC\FC01\Session1\wav_arrayMic\0250.wav,0250.wav,0250,.wav,FC01,control,female,Session1,True,,16000.0,1.0,48000.0,3.0,False,False,0.0,6ba6450f38b9faa08dca5d5553b55ccec2737239f0a86adc0ad04a2de9abe2bc,,False,,0,0,False,False
E:\AI_Project\TORGO_DATASET\FC\FC01\Session1\wav_arrayMic\0251.wav,0251.wav,0251,.wav,FC01,control,female,Session1,True,,16000.0,1.0,43200.0,2.7,False,False,0.0,373f5d9e94351433d563832ce275ca2d8555506f2a99a640d5cf17a04cc7e7e8,,False,,0,0,False,False
E:\AI_Project\TORGO_DATASET\FC\FC01\Session1\wav_arrayMic\0252.wav,0252.wav,0252,.wav,FC01,control,female,Session1,True,,16000.0,1.0,38400.0,2.4,False,False,0.0,70a256fc1b622f3d4b39f7c8cc00580a3bc9a743da28b57832ebe9ba11328551,,False,,0,0,False,False
E:\AI_Project\TORGO_DATASET\FC\FC01\Session1\wav_arrayMic\0253.wav,0253.wav,0253,.wav,FC01,control,female,Session1,True,,16000.0,1.0,72000.0,4.5,False,False,0.0,f59b88e69c886c0285fd286b69b84db664fe328920216865e0326a4ac708da9d,,False,,0,0,False,False
E:\AI_Project\TORGO_DATASET\FC\FC01\Session1\wav_arrayMic\0254.wav,0254.wav,0254,.wav,FC01,control,female,Session1,True,,16000.0,1.0,38400.0,2.4,False,False,0.0,2517a7a20110bf812cd5efd0b8aa6851586af9ed053dd976e041df5163b36b36,,False,,0,0,False,False
E:\AI_Project\TORGO_DATASET\FC\FC01\Session1\wav_arrayMic\0255.wav,0255.wav,0255,.wav,FC01,control,female,Session1,True,,16000.0,1.0,36000.0,2.25,False,False,0.0,740ea3489d09d5c8d78dd940ea69ab1c8b8338c6775d748a4247c81ce5613c04,,False,,0,0,False,False
E:\AI_Project\TORGO_DATASET\FC\FC01\Session1\wav_arrayMic\0256.wav,0256.wav,0256,.wav,FC01,control,female,Session1,False,,16000.0,1.0,0.0,0.0,True,True,,ba584a378b11d9e9c98736fd8c256fe1453a84ee4139416d24b07acff424f0fb,,False,,0,0,False,False
E:\AI_Project\TORGO_DATASET\FC\FC02\Session3\wav_arrayMic\0765.wav,0765.wav,0765,.wav,FC02,control,female,Session3,True,,16000.0,1.0,38400.0,2.4,False,False,0.0,badf80d783cf60b40b5dbf2951520edce82924c2fd8216ede3cbc7f6702ed2f6,E:\AI_Project\TORGO_DATASET\FC\FC02\Session3\prompts\0765.txt,True,torn,4,1,True,False
E:\AI_Project\TORGO_DATASET\FC\FC02\Session3\wav_arrayMic\0767.wav,0767.wav,0767,.wav,FC02,control,female,Session3,True,,16000.0,1.0,38400.0,2.4,False,False,0.0,badf80d783cf60b40b5dbf2951520edce82924c2fd8216ede3cbc7f6702ed2f6,E:\AI_Project\TORGO_DATASET\FC\FC02\Session3\prompts\0767.txt,True,hall,4,1,True,False
E:\AI_Project\TORGO_DATASET\FC\FC03\Session2\wav_arrayMic\.wav,.wav,.wav,,FC03,control,female,Session2,True,,16000.0,1.0,81600.0,5.1,False,False,0.0,273f07e41e1532eb5ec66cc098ade17ad633eccf79df0de4a1398c38ee6a322a,,False,,0,0,False,False
E:\AI_Project\TORGO_DATASET\M\M01\Session2_3\wav_headMic\0180.wav,0180.wav,0180,.wav,M01,dysarthric,male,Session2_3,False,,16000.0,1.0,2879090.0,179.943125,False,True,0.0,57581b53a384e9c837dfcc73488219385ae0370e9a5927c3ab775f619829c255,E:\AI_Project\TORGO_DATASET\M\M01\Session2_3\prompts\0180.txt,True,hill,4,1,False,False
E:\AI_Project\TORGO_DATASET\M\M01\Session2_3\wav_headMic\028.wav,028.wav,028,.wav,M01,dysarthric,male,Session2_3,True,,16000.0,1.0,23829.0,1.4893125,False,False,0.0,db220925898edf43aa7550b19d858ca65d50319e520dd3df8a415cab284f210a,,False,,0,0,False,False
E:\AI_Project\TORGO_DATASET\M\M02\Session1\wav_arrayMic\0153.wav,0153.wav,0153,.wav,M02,dysarthric,male,Session1,False,,16000.0,1.0,2400.0,0.15,False,True,0.0,4bd1ceec275737377a784c69c763d4b9e0015b35f3590bc4d1f6bcf7edd1fc29,E:\AI_Project\TORGO_DATASET\M\M02\Session1\prompts\0153.txt,True,xxx,3,1,False,False
E:\AI_Project\TORGO_DATASET\M\M03\Session2\wav_arrayMic\0073.wav,0073.wav,0073,.wav,M03,dysarthric,male,Session2,False,,16000.0,1.0,685485.0,42.8428125,False,True,0.0,13c2ccda8fd52b7fa99470938b5733c464366b9d17c57b87227595494685a6e5,E:\AI_Project\TORGO_DATASET\M\M03\Session2\prompts\0073.txt,True,input/images/kitchen.jpg,24,1,False,False
E:\AI_Project\TORGO_DATASET\M\M03\Session2\wav_arrayMic\0094.wavTMP.wav,0094.wavTMP.wav,0094.wavTMP,.wav,M03,dysarthric,male,Session2,True,,16000.0,1.0,134400.0,8.4,False,False,0.0,bc9374b34a6d01aa424b26042da02e29368eecce47e2681b7c0ff99ccee14db4,,False,,0,0,False,False
E:\AI_Project\TORGO_DATASET\M\M03\Session2\wav_arrayMic\0183.wav,0183.wav,0183,.wav,M03,dysarthric,male,Session2,False,,16000.0,1.0,665945.0,41.6215625,False,True,0.0,c70c735ad4d550f536be6a79c48949964400acde6728f62a8465a8c1d7c39d70,E:\AI_Project\TORGO_DATASET\M\M03\Session2\prompts\0183.txt,True,input/images/story_starters_17.jpg,34,1,False,False
E:\AI_Project\TORGO_DATASET\M\M03\Session2\wav_arrayMic\0331.wav,0331.wav,0331,.wav,M03,dysarthric,male,Session2,False,,16000.0,1.0,659004.0,41.18775,False,True,0.0,9862edec06837fd57c3b2d0305397525149026440e7421eac3361fc791392b9f,E:\AI_Project\TORGO_DATASET\M\M03\Session2\prompts\0331.txt,True,input/images/story_starters_22.jpg,34,1,False,False
E:\AI_Project\TORGO_DATASET\M\M03\Session2\wav_headMic\0027.wav,0027.wav,0027,.wav,M03,dysarthric,male,Session2,False,,16000.0,1.0,690481.0,43.1550625,False,True,0.00023896385273454302,bd499f4371d2de7caf938aeb3ecc2570d8b0329b350c5a564ab811c16d6d54f3,E:\AI_Project\TORGO_DATASET\M\M03\Session2\prompts\0027.txt,True,input/images/story_starters_15.jpg,34,1,False,False
E:\AI_Project\TORGO_DATASET\M\M03\Session2\wav_headMic\0073.wav,0073.wav,0073,.wav,M03,dysarthric,male,Session2,False,,16000.0,1.0,668961.0,41.8100625,False,True,0.0008744904411467933,34759686496452e2a51eafd46ebee8744b350825772d71d0fb93d5d0bde8564e,E:\AI_Project\TORGO_DATASET\M\M03\Session2\prompts\0073.txt,True,input/images/kitchen.jpg,24,1,False,False
E:\AI_Project\TORGO_DATASET\M\M03\Session2\wav_headMic\0183.wav,0183.wav,0183,.wav,M03,dysarthric,male,Session2,False,,16000.0,1.0,657361.0,41.0850625,False,True,2.4339746349418356e-05,0f83ca721f907d55b8cbd6ed15c6487b9582a1691257639972386db01c359b67,E:\AI_Project\TORGO_DATASET\M\M03\Session2\prompts\0183.txt,True,input/images/story_starters_17.jpg,34,1,False,False
E:\AI_Project\TORGO_DATASET\M\M03\Session2\wav_headMic\0331.wav,0331.wav,0331,.wav,M03,dysarthric,male,Session2,False,,16000.0,1.0,647841.0,40.4900625,False,True,0.00024234341451065926,adafd2507658822b3329e08712006c5d870bc916d388e93e345cadeda7048810,E:\AI_Project\TORGO_DATASET\M\M03\Session2\prompts\0331.txt,True,input/images/story_starters_22.jpg,34,1,False,False
E:\AI_Project\TORGO_DATASET\M\M04\Session2\wav_arrayMic\.wav,.wav,.wav,,M04,dysarthric,male,Session2,True,,16000.0,1.0,33600.0,2.1,False,False,0.0,447b47949c91620128713e2390912cf3f889f79c68c635a6d116b972fdc47cb2,,False,,0,0,False,False
E:\AI_Project\TORGO_DATASET\M\M05\Session2\wav_headMic\0303.wav,0303.wav,0303,.wav,M05,dysarthric,male,Session2,False,,16000.0,1.0,686.0,0.042875,False,True,0.0,c16f705c37d1f73e708ae85354a4ae0304441bcea347954ac7dab1dc33d24a55,E:\AI_Project\TORGO_DATASET\M\M05\Session2\prompts\0303.txt,True,he took me out one day.,23,6,False,False
E:\AI_Project\TORGO_DATASET\M\M05\Session2\wav_headMic\0330.wav,0330.wav,0330,.wav,M05,dysarthric,male,Session2,False,,16000.0,1.0,150.0,0.009375,False,True,0.0,d5298a0d35a6fa9f88df76ad1b305702c4c827c551cd17ee2bb03dd3416e71ba,E:\AI_Project\TORGO_DATASET\M\M05\Session2\prompts\0330.txt,True,then we'd really have someplace to go.,38,7,False,False
E:\AI_Project\TORGO_DATASET\M\M05\Session2\wav_headMic\0331.wav,0331.wav,0331,.wav,M05,dysarthric,male,Session2,False,,16000.0,1.0,955.0,0.0596875,False,True,0.0,d47759381f8b64389d4d25b5d1b11b498f9862c04ebd96d6df737e9735e52e15,E:\AI_Project\TORGO_DATASET\M\M05\Session2\prompts\0331.txt,True,walk,4,1,False,False
E:\AI_Project\TORGO_DATASET\M\M05\Session2\wav_headMic\0332.wav,0332.wav,0332,.wav,M05,dysarthric,male,Session2,False,,16000.0,1.0,156.0,0.00975,False,True,0.0,6960aa0c412ad1c30665a62742a25d87939d72a473901af9dd36d348ebd13626,E:\AI_Project\TORGO_DATASET\M\M05\Session2\prompts\0332.txt,True,dice,4,1,False,False
E:\AI_Project\TORGO_DATASET\M\M05\Session2\wav_headMic\0333.wav,0333.wav,0333,.wav,M05,dysarthric,male,Session2,False,,16000.0,1.0,939.0,0.0586875,False,True,0.0,c5e63418ac13402138e2d52a205194abbab2ad5f29a8495fb100662c503c91ef,E:\AI_Project\TORGO_DATASET\M\M05\Session2\prompts\0333.txt,True,liquor,6,1,False,False
E:\AI_Project\TORGO_DATASET\M\M05\Session2\wav_headMic\0334.wav,0334.wav,0334,.wav,M05,dysarthric,male,Session2,False,,16000.0,1.0,155.0,0.0096875,False,True,0.0,7b79cdcbc4bc94d6d48eeaed1e254ae97843c2863bd9c375c698c0224dfc1457,E:\AI_Project\TORGO_DATASET\M\M05\Session2\prompts\0334.txt,True,meat,4,1,False,False
E:\AI_Project\TORGO_DATASET\M\M05\Session2\wav_headMic\0335.wav,0335.wav,0335,.wav,M05,dysarthric,male,Session2,False,,16000.0,1.0,667.0,0.0416875,False,True,0.0,d3df800af1d263b60f03a757fc81e0de2c5aab8dd3ca5976a47b0c47fcaf3862,E:\AI_Project\TORGO_DATASET\M\M05\Session2\prompts\0335.txt,True,sicker,6,1,False,False
E:\AI_Project\TORGO_DATASET\M\M05\Session2\wav_headMic\0336.wav,0336.wav,0336,.wav,M05,dysarthric,male,Session2,False,,16000.0,1.0,150.0,0.009375,False,True,0.0,f2962692dec35feb2571727c498beed490e1499d07c8feee3ff3881c1a9a8c3a,E:\AI_Project\TORGO_DATASET\M\M05\Session2\prompts\0336.txt,True,rest,4,1,False,False
E:\AI_Project\TORGO_DATASET\M\M05\Session2\wav_headMic\0337.wav,0337.wav,0337,.wav,M05,dysarthric,male,Session2,False,,16000.0,1.0,155.0,0.0096875,False,True,0.0,2eb5204af180b24a8a9ad4287daba28362b14ca2fd085a146b214908c996acc9,E:\AI_Project\TORGO_DATASET\M\M05\Session2\prompts\0337.txt,True,hand,4,1,False,False
E:\AI_Project\TORGO_DATASET\M\M05\Session2\wav_headMic\0338.wav,0338.wav,0338,.wav,M05,dysarthric,male,Session2,False,,16000.0,1.0,422.0,0.026375,False,True,0.0,a22f3bf95e6e5141f7ba330e6fc87c572399be8b8b9250a8f99486f679694efc,E:\AI_Project\TORGO_DATASET\M\M05\Session2\prompts\0338.txt,True,sheet,5,1,False,False
E:\AI_Project\TORGO_DATASET\M\M05\Session2\wav_headMic\0339.wav,0339.wav,0339,.wav,M05,dysarthric,male,Session2,False,,16000.0,1.0,421.0,0.0263125,False,True,0.0,7f1941539b9b66e372f3e75b7d4e66c1d87e5cd27c48691db445da0763861590,E:\AI_Project\TORGO_DATASET\M\M05\Session2\prompts\0339.txt,True,tin,3,1,False,False
E:\AI_Project\TORGO_DATASET\M\M05\Session2\wav_headMic\0340.wav,0340.wav,0340,.wav,M05,dysarthric,male,Session2,False,,16000.0,1.0,156.0,0.00975,False,True,0.0,b4b42c5484b22241301a2ca7169de694fc81f12dacdfb5d1e0060f3cf6a57f63,E:\AI_Project\TORGO_DATASET\M\M05\Session2\prompts\0340.txt,True,nice,4,1,False,False
E:\AI_Project\TORGO_DATASET\M\M05\Session2\wav_headMic\0341.wav,0341.wav,0341,.wav,M05,dysarthric,male,Session2,False,,16000.0,1.0,417.0,0.0260625,False,True,0.0,23f41dcd8cdd6d26d45956e5c5c2b7e12b0a30fe902b586a3d9dc297b1ab675b,E:\AI_Project\TORGO_DATASET\M\M05\Session2\prompts\0341.txt,True,nod,3,1,False,False
E:\AI_Project\TORGO_DATASET\M\M05\Session2\wav_headMic\0342.wav,0342.wav,0342,.wav,M05,dysarthric,male,Session2,False,,16000.0,1.0,1206.0,0.075375,False,True,0.0,7e017744100574a5bebedbe5c960ad1d4a981127245dc646fad05de62312f2c8,E:\AI_Project\TORGO_DATASET\M\M05\Session2\prompts\0342.txt,True,flicker,7,1,False,False
E:\AI_Project\TORGO_DATASET\M\M05\Session2\wav_headMic\0343.wav,0343.wav,0343,.wav,M05,dysarthric,male,Session2,False,,16000.0,1.0,151.0,0.0094375,False,True,0.0,e61d4387fa9075aae2a9825f8c7088ea671c61df65c64a06fd1238f3cd5ef6a6,E:\AI_Project\TORGO_DATASET\M\M05\Session2\prompts\0343.txt,True,[relax your mouth in its normal position],41,7,False,False
E:\AI_Project\TORGO_DATASET\M\M05\Session2\wav_headMic\0344.wav,0344.wav,0344,.wav,M05,dysarthric,male,Session2,False,,16000.0,1.0,151.0,0.0094375,False,True,0.0,2449e156e68577ab5d71b36f98130cfa00c58ca62e50569454254156247b8209,E:\AI_Project\TORGO_DATASET\M\M05\Session2\prompts\0344.txt,True,neat,4,1,False,False
E:\AI_Project\TORGO_DATASET\M\M05\Session2\wav_headMic\0346.wav,0346.wav,0346,.wav,M05,dysarthric,male,Session2,False,,16000.0,1.0,134.0,0.008375,False,True,0.0,f10849802df5a591bfe65d6b8efcaae6e000d2cd232371daad15dbf73343713e,E:\AI_Project\TORGO_DATASET\M\M05\Session2\prompts\0346.txt,True,people who value themselves are life's winners.,47,7,False,False
E:\AI_Project\TORGO_DATASET\M\M05\Session2\wav_headMic\0347.wav,0347.wav,0347,.wav,M05,dysarthric,male,Session2,False,,16000.0,1.0,151.0,0.0094375,False,True,0.0,338b744e0f09e81c1ea062e692bdf5de055860bf52d34e33c94a426de6e788dd,E:\AI_Project\TORGO_DATASET\M\M05\Session2\prompts\0347.txt,True,travel is about the only leisure we have.,41,8,False,False
E:\AI_Project\TORGO_DATASET\M\M05\Session2\wav_headMic\0348.wav,0348.wav,0348,.wav,M05,dysarthric,male,Session2,False,,16000.0,1.0,405.0,0.0253125,False,True,0.0,f88f38ef096740366368ec66fad1f5a8e0cfde09a79789fd0d45ae93bad510d5,E:\AI_Project\TORGO_DATASET\M\M05\Session2\prompts\0348.txt,True,"this is a good place, though small.",35,7,False,False
E:\AI_Project\TORGO_DATASET\M\M05\Session2\wav_headMic\0349.wav,0349.wav,0349,.wav,M05,dysarthric,male,Session2,False,,16000.0,1.0,137.0,0.0085625,False,True,0.0,b8f28702ad30a2badb95f7a31deec36f5dd3b84499d2e717ea2e6a7baea3ef50,E:\AI_Project\TORGO_DATASET\M\M05\Session2\prompts\0349.txt,True,please open the window quickly.,31,5,False,False
E:\AI_Project\TORGO_DATASET\M\M05\Session2\wav_headMic\0350.wav,0350.wav,0350,.wav,M05,dysarthric,male,Session2,False,,16000.0,1.0,155.0,0.0096875,False,True,0.0,dd5f390a841bd8edf8367d36c02789a677175d441334ef42de7d30fce9fad11b,E:\AI_Project\TORGO_DATASET\M\M05\Session2\prompts\0350.txt,True,lock,4,1,False,False
E:\AI_Project\TORGO_DATASET\M\M05\Session2\wav_headMic\0351.wav,0351.wav,0351,.wav,M05,dysarthric,male,Session2,False,,16000.0,1.0,423.0,0.0264375,False,True,0.0,70e0736d619abdd8fb0db2d65571878e9eda6b9ca8631ecfa6cf62f53ee6d850,E:\AI_Project\TORGO_DATASET\M\M05\Session2\prompts\0351.txt,True,left,4,1,False,False
E:\AI_Project\TORGO_DATASET\M\M05\Session2\wav_headMic\0352.wav,0352.wav,0352,.wav,M05,dysarthric,male,Session2,False,,16000.0,1.0,421.0,0.0263125,False,True,0.0,62c3b66a5f83490c5fbc82443b947709411ecd5afd718aad755bec7bd398d5f4,E:\AI_Project\TORGO_DATASET\M\M05\Session2\prompts\0352.txt,True,bread,5,1,False,False
E:\AI_Project\TORGO_DATASET\M\M05\Session2\wav_headMic\0353.wav,0353.wav,0353,.wav,M05,dysarthric,male,Session2,False,,16000.0,1.0,132.0,0.00825,False,True,0.0,372495e6e19c3edab80a8aeae02e09cc32ac72fddf2457d7e42275470e581e7d,E:\AI_Project\TORGO_DATASET\M\M05\Session2\prompts\0353.txt,True,you want him to do well.,24,6,False,False
E:\AI_Project\TORGO_DATASET\M\M05\Session2\wav_headMic\0354.wav,0354.wav,0354,.wav,M05,dysarthric,male,Session2,False,,16000.0,1.0,151.0,0.0094375,False,True,0.0,4875f4b43cde0b67c561bea90df14b92e7a88d511fe003acfa7c012cc9287e41,E:\AI_Project\TORGO_DATASET\M\M05\Session2\prompts\0354.txt,True,rock,4,1,False,False
E:\AI_Project\TORGO_DATASET\M\M05\Session2\wav_headMic\0355.wav,0355.wav,0355,.wav,M05,dysarthric,male,Session2,False,,16000.0,1.0,955.0,0.0596875,False,True,0.0,27f78e7e13c18b88a492cdfb937c88d8ef375111b35394500f201e1bf5c5b9ab,E:\AI_Project\TORGO_DATASET\M\M05\Session2\prompts\0355.txt,True,four,4,1,False,False
E:\AI_Project\TORGO_DATASET\M\M05\Session2\wav_headMic\0356.wav,0356.wav,0356,.wav,M05,dysarthric,male,Session2,False,,16000.0,1.0,134.0,0.008375,False,True,0.0,7da8edcd2cc69bb9afedfbd9aebc15ce5c018f0e6ac88cc9642d2e89f64b4de4,E:\AI_Project\TORGO_DATASET\M\M05\Session2\prompts\0356.txt,True,input/images/story_starters_26.jpg,34,1,False,False
E:\AI_Project\TORGO_DATASET\M\M05\Session2\wav_headMic\0357.wav,0357.wav,0357,.wav,M05,dysarthric,male,Session2,False,,16000.0,1.0,134.0,0.008375,False,True,0.0,62a63b7fef8e1049cab8b78fff9b6af5ec164ca0fb3ab7a3285e72369f033903,E:\AI_Project\TORGO_DATASET\M\M05\Session2\prompts\0357.txt,True,help greg to pick a peck of potatoes.,37,8,False,False
E:\AI_Project\TORGO_DATASET\M\M05\Session2\wav_headMic\0358.wav,0358.wav,0358,.wav,M05,dysarthric,male,Session2,False,,16000.0,1.0,151.0,0.0094375,False,True,0.0,de86c408a31e13d9b761e0c4313f0bff44044ade3273fcb2b24066a98d7ac6dc,E:\AI_Project\TORGO_DATASET\M\M05\Session2\prompts\0358.txt,True,shoot,5,1,False,False
E:\AI_Project\TORGO_DATASET\M\M05\Session2\wav_headMic\0359.wav,0359.wav,0359,.wav,M05,dysarthric,male,Session2,False,,16000.0,1.0,155.0,0.0096875,False,True,0.0,062e8c717bde8aa0602f0f53cbf96d72d9bb99ad43a7ee6fcb44b3552743fe3f,E:\AI_Project\TORGO_DATASET\M\M05\Session2\prompts\0359.txt,True,two,3,1,False,False
E:\AI_Project\TORGO_DATASET\M\M05\Session2\wav_headMic\0360.wav,0360.wav,0360,.wav,M05,dysarthric,male,Session2,False,,16000.0,1.0,155.0,0.0096875,False,True,0.0,7d4933f419d89a7781b1df5e35c80290aa5b8960f5afd0b18e1eb45334fda9a1,E:\AI_Project\TORGO_DATASET\M\M05\Session2\prompts\0360.txt,True,shell,5,1,False,False
E:\AI_Project\TORGO_DATASET\M\M05\Session2\wav_headMic\0361.wav,0361.wav,0361,.wav,M05,dysarthric,male,Session2,False,,16000.0,1.0,151.0,0.0094375,False,True,0.0,2a7a5c2c67c0320ee441a8ce509244e1c96e73e0cac50d4d3c32873f5b6dbefd,E:\AI_Project\TORGO_DATASET\M\M05\Session2\prompts\0361.txt,True,most young rise early every morning.,36,6,False,False
E:\AI_Project\TORGO_DATASET\MC\MC01\Session2\wav_headMic\0009.wav,0009.wav,0009,.wav,MC01,control,male,Session2,True,,16000.0,1.0,79011.0,4.9381875,False,False,0.0,cdd5c66194ae610ecda918d51bce06b4189f150c83e2e428db625152c3200798,,False,,0,0,False,False
E:\AI_Project\TORGO_DATASET\MC\MC03\Session1\wav_arrayMic\0008.wav,0008.wav,0008,.wav,MC03,control,male,Session1,False,,16000.0,1.0,2400.0,0.15,False,True,0.0,027d927ec5ca78927a1ca4645ec10bbdc953b52b7dd1abf9eeb66f3491e75d58,E:\AI_Project\TORGO_DATASET\MC\MC03\Session1\prompts\0008.txt,True,feet,4,1,False,False
E:\AI_Project\TORGO_DATASET\MC\MC03\Session1\wav_arrayMic\0181.wav,0181.wav,0181,.wav,MC03,control,male,Session1,False,,16000.0,1.0,2400.0,0.15,False,True,0.0,7908c3b0b67187e4fb50f674b07b0a3bb9b5ebba804e68f0677880ba8e20f7e9,E:\AI_Project\TORGO_DATASET\MC\MC03\Session1\prompts\0181.txt,True,[relax your mouth in its normal position],41,7,False,False
E:\AI_Project\TORGO_DATASET\MC\MC03\Session2\wav_arrayMic\0250.wav,0250.wav,0250,.wav,MC03,control,male,Session2,False,,16000.0,1.0,2400.0,0.15,False,True,0.0,1e814234913a6edeb1b3f5963c77bf59f10fcb48059d1493635c649b8fd821b1,E:\AI_Project\TORGO_DATASET\MC\MC03\Session2\prompts\0250.txt,True,the lack of heat compounded the tenant's grievances.,52,8,False,False
